ClientID,FullName,PhoneNumber,ClientType,Genre
clt_49,Andrée Leleu,+34 841 71 49 82,XL,M
clt_50,Thérèse-Caroline Leconte,+34900 66 73 17,XXL,M
clt_51,Julie Lambert,+1-557-959-4839,L,F
clt_52,Diego Tomé Sancho,5454941502,L,F
clt_53,Anthony Parsons,546.547.8272,XXL,M
clt_54,Carlos Camilo Barrio Saura,+33 (0)4 38 35 65 50,XL,M
clt_55,Kimberly Cuevas,(385)559-3606,XL,M
clt_56,Valérie Mendès,+34915326436,XL,F
clt_57,Américo Ocaña Moliner,+33 5 58 50 63 70,L,M
clt_58,Charlotte Dupré,+33 5 24 45 68 57,L,M
clt_59,Mateo Boada Merino,+34 852204628,L,M
clt_60,Ana Belén Reguera Mayo,+34803098589,L,F
clt_61,Michael Jimenez,611-889-4269,XL,F
clt_62,Christelle Millet-Jacquot,+34 824 325 378,L,F
clt_63,Allison Patterson,+33 3 64 02 47 07,XXL,M
clt_64,Teresa Coleman,+33 3 65 60 92 60,XXL,F
clt_65,Céline Merle,+33 2 33 59 93 03,L,F
clt_66,Eric Hancock,+33 (0)2 57 18 17 93,L,F
clt_67,Julie Polo Iriarte,+34 827 884 028,XL,F
clt_68,Steven Ramirez,+34 972 98 00 57,XXL,F
clt_69,Evita Lobato,0252831426,L,F
clt_70,Caitlin Foster,396-577-4654x272,XL,M
clt_71,Eustaquio Mínguez-Barberá,+1-965-222-6466,XL,F
clt_72,Michael Mendez,848-858-6726x51840,XXL,F
clt_73,Xavier Charpentier,04 23 59 26 52,XXL,M
clt_74,Briana Juarez,+1-799-438-3254x10282,L,F
clt_75,Dr. Justin Orozco,943-913-7571x946,L,F
clt_76,Laurence Fontaine,001-770-465-0361x0366,XL,F
clt_77,André Leroux-Labbé,+34885 814 906,L,F
clt_78,Michelle Fleury de la Vallet,+33 3 76 40 98 59,XXL,F
clt_79,Adam Brown,+34 887 49 81 69,XL,F
clt_80,Verónica Jaume Ródenas,+34944685134,L,M
clt_81,Marcelle Millet,+34939 706 479,XXL,F
clt_82,Taylor Haynes,+1-646-755-2069x2377,L,F
clt_83,Juan Manuel Gras Figueroa,01 80 25 19 96,XL,F
clt_84,Tracy Bush,0388273850,XL,M
clt_85,Primitiva Borrego Sola,+34 733 625 058,XXL,M
clt_86,Glauco Carmona-Fabregat,(876)476-1725,L,M
clt_87,Élodie Dumas,+34 983 026 813,L,F
clt_88,Ms. Krystal Perry,+34 823703718,L,M
clt_89,Anaïs-Susanne Bazin,02 58 86 53 76,L,F
clt_90,Zoé de Vincent,04 77 16 64 04,L,M
clt_91,Agnès Faivre,+33 (0)2 58 68 62 99,L,M
clt_92,Sylvie Baron,0698896075,XL,M
clt_93,Elizabeth Larsen,+34945 84 65 47,L,F
clt_94,Margarita Villalonga,442-561-1992x890,XXL,M
clt_95,Alexandrie Verdier,(403)886-4676x99689,XL,M
clt_96,Adrien Traore de la Chauvet,+33 5 61 29 95 64,L,F
clt_97,Maggie Gimenez,04 95 51 31 69,L,M
clt_98,Arnaude Mathieu,+33 4 97 78 08 85,L,F
clt_99,James Ellis,+34 876 59 84 76,L,M
clt_100,Sophie Le Adam,(823)985-5927,XL,F
clt_101,Charles Brunet,0176544381,L,M
clt_102,Sofía Barreda Tenorio,(297)470-0171x1967,L,F
clt_103,Andrea Martinez,01 64 11 67 72,XL,M
clt_104,Tammy Thompson,+34980 579 430,L,M
clt_105,Ulises Camacho Zaragoza,+34643 089 406,XXL,F
clt_106,Larry Hardin,04 73 94 58 19,XXL,M
clt_107,Kari Lowe,964-387-0207x81763,XL,F
clt_108,Luis Casas Salinas,+34849813441,XL,F
clt_109,Eddie Brown,+33 (0)3 84 96 64 90,XXL,F
clt_110,Joe Page,380.573.0760,XXL,M
clt_111,Mireia Candelas Iniesta Aliaga,0381738366,XL,M
clt_112,Christine Rivière,+33 2 35 22 48 10,L,F
clt_113,Aimée Bègue,5458706422,XL,F
clt_114,Nico Ibañez Llobet,001-340-680-1117,XXL,F
clt_115,Thomas Sanchez-Renard,+34847 997 676,XXL,M
clt_116,Michael Lee,+1-426-855-4073x776,XL,M
clt_117,James Pruitt,001-925-250-5443,XXL,M
clt_118,Kim Petty,001-297-355-4922,XXL,F
clt_119,William Harris,(908)357-9348,XXL,F
clt_120,Salvador Hurtado Lerma,+33 (0)2 29 29 12 72,L,M
clt_121,Linda Dunn,581.272.1012,XL,M
clt_122,Jill Richard,+33 5 18 61 37 24,XL,F
clt_123,Amanda Knox,06 95 06 53 11,XXL,F
clt_124,Rosa María Galván Ripoll,298-763-3193x1100,L,M
clt_125,Gema Fuster Pascual,+34927349105,L,M
clt_126,Robert Escobar,+34 946 27 63 03,XL,F
clt_127,Anne Bouvier,+33 6 28 24 06 61,XXL,F
clt_128,Jack Martin,665.222.9263x9394,L,M
clt_129,Lorenza Vicente Bartolomé,977.454.0574x14189,XXL,F
clt_130,Maryse Lefort-Teixeira,+33 (0)4 92 15 56 01,L,M
clt_131,René Bonnet,+33 (0)5 61 60 19 60,L,F
clt_132,Daniel Collier,+1-766-763-6743x08032,L,M
clt_133,Marine Lucas-Vallet,+33 (0)3 69 57 30 89,L,F
clt_134,Jeffrey Hammond,+33 (0)4 66 36 46 55,L,F
clt_135,Rémy Normand,+34 921931796,XXL,M
clt_136,María Teresa Peralta Estévez,+33 2 85 57 11 58,XXL,F
clt_137,Philippine Delattre-Dumont,+34884 87 38 29,XXL,M
clt_138,Aimée Allard-Godard,+34 852605738,XL,M
clt_139,Isabelle Mace,486.548.7651,XL,M
clt_140,Janice Dawson,+33 1 56 65 77 73,XL,M
clt_141,Susan Hill,+34 848696622,L,M
clt_142,Luis Ángel Marquez-Perea,+33 (0)3 45 07 60 11,XXL,F
clt_143,Nicole Weeks,+34901 951 927,XXL,F
clt_144,Patrick Gilbert,0677341613,XXL,F
clt_145,Erik Howard,(340)523-8918x89436,XL,F
clt_146,Thibaut Georges-Courtois,+34 866 430 915,XXL,F
clt_147,Amando Bautista Blázquez,(406)384-1074,XL,F
clt_148,Encarnacion Esparza,+34 824 44 76 91,L,F
clt_149,Delfina Hoyos Colom,0534881293,XXL,M
clt_150,Rebecca Lambert,03 59 83 66 89,L,F
clt_151,Norman Miller,0174824200,XL,M
clt_152,James Knight,+34 834747405,L,F
clt_153,Leonor Urrutia Rosell,(399)759-6321x4770,XL,M
clt_154,Sherry Stone,001-440-312-8175x37824,XXL,F
clt_155,Hortense Jacquot,+34 979 87 04 06,XXL,F
clt_156,Benoît-Rémy Boutin,+33 2 18 87 61 40,XXL,M
clt_157,Valentina Yéssica Vilaplana Valls,+1-227-278-6907x9965,L,F
clt_158,Sarah Robertson,001-284-318-5313,XXL,F
clt_159,René Henry du Gautier,+34 948156396,L,F
clt_160,Julien-Bertrand Lombard,0499539041,XL,M
clt_161,Marcela Madrigal Mata,354.810.6273x990,XXL,F
clt_162,Mar Cantón Alegre,+34 800634596,XL,M
clt_163,Laurie Hughes,+34979804727,XXL,F
clt_164,Pablo Castañeda Lucas,+34843757994,XL,M
clt_165,Victor Chauveau,+34 848 56 22 48,L,M
clt_166,Arthur Teixeira,001-376-631-3460,L,F
clt_167,William Jackson,+1-985-246-3554x36186,L,F
clt_168,Reinaldo Casas Iriarte,+33 (0)5 57 32 49 84,XL,F
clt_169,Vanessa Price,0489154412,XXL,F
clt_170,Brian Williams,+34729 95 65 07,XXL,F
clt_171,Efraín Ferrándiz Domingo,+34825434814,L,M
clt_172,Don Hanson,+33 (0)3 70 90 73 91,XL,M
clt_173,Carmina del Moliner,942-972-1312,L,F
clt_174,Eugenio Chaparro Izaguirre,04 84 72 84 12,L,M
clt_175,Agapito Pombo Nuñez,345.246.1211,XXL,F
clt_176,Severiano Lledó Lloret,500-526-7686,XL,M
clt_177,Vasco Plácido Leal Madrid,(583)725-8311x70641,XXL,M
clt_178,Charles Lemonnier,+33 (0)5 57 63 15 45,XXL,M
clt_179,Cynthia Gross,0233858543,XXL,M
clt_180,Oriana del Prado,528-959-9070x0408,L,F
clt_181,Briana Foster,0481122393,XXL,M
clt_182,Barbara Johnson,(360)724-1699,L,F
clt_183,Eligio Jordá Girón,+34974917063,XL,M
clt_184,Thomas Rodriguez de Moulin,3738474257,XXL,F
clt_185,Louise Humbert,478-234-0809x27075,XXL,M
clt_186,Sandra Schultz,02 90 36 79 38,XL,F
clt_187,Valerie Anderson,+33 (0)5 57 62 41 70,L,F
clt_188,Margarita Ruano Blázquez,(378)266-9721x4854,L,M
clt_189,William Smith,+33 (0)2 61 26 49 40,L,F
clt_190,Christina Kelley,001-380-825-8387x6882,XL,M
clt_191,Julie Ariño,02 28 16 93 22,XXL,M
clt_192,Philip Peterson,(380)534-8781,XL,F
clt_193,Anthony Vargas,+34921607449,XXL,F
clt_194,Astrid-Isabelle Denis,+34 902 22 33 42,L,M
clt_195,Steven Gonzalez,+34 718 434 653,L,M
clt_196,Matthieu Klein,(355)419-5598,L,M
clt_197,Océane François,04 97 09 18 32,L,F
clt_198,Franck Dupré-Collin,0471869950,XL,M
clt_199,Dr. Jesse Davenport,+34 845029864,L,M
clt_200,Moisés Porcel Ruiz,+34883 91 28 80,XXL,M
clt_201,Lorenzo Benito Fortuny,956-770-9248x695,XXL,M
clt_202,Alison Sanchez,01 41 43 71 87,XL,M
clt_203,Juan Antonio Costa,+34828 64 31 15,L,F
clt_204,Custodia Oller Neira,(536)649-3069x1782,XXL,M
clt_205,Florencio Quevedo,+34888717120,XL,M
clt_206,Jeffery Ramos,+33 4 44 26 72 62,XL,M
clt_207,Adèle Delattre,+33 5 32 15 13 45,XXL,F
clt_208,Emmanuelle Delmas,+34982679358,XL,F
clt_209,Andrew Shah,+33 (0)3 64 92 53 99,XL,M
clt_210,Blake Brown,+34748 81 65 54,L,M
clt_211,Inès Maillot,(929)560-3599x42960,XXL,M
clt_212,Sarah Jones,02 23 33 33 22,XXL,F
clt_213,Petrona Viñas Exposito,+33 (0)5 08 48 83 52,XL,F
clt_214,Melissa Russell,916.770.9784x231,XXL,M
clt_215,Angel Copeland,+34943195542,XL,M
clt_216,Margaux Diallo,+34 921962344,L,M
clt_217,Colette Joseph,0248571010,XXL,F
clt_218,Michelle Rousset,+34943 136 530,XXL,M
clt_219,Kenneth Knight,783.760.8565x7895,XXL,M
clt_220,Olga Vega Alcolea,+34 946483587,L,F
clt_221,Verónica Alondra Diaz Gallego,+34971100681,XL,M
clt_222,Amy Adams,+34924 44 95 53,XXL,F
clt_223,Stacy Cain,+34 969 735 555,XXL,M
clt_224,Ryan Stuart,03 81 78 42 43,XXL,M
clt_225,Louise Pruvost-Payet,001-846-476-8608x25051,XXL,M
clt_226,Olivier de la Baudry,+34849 69 92 91,L,M
clt_227,Kim Robinson,287.626.0659,L,M
clt_228,Garrett Wilson,551.531.8816x256,XL,M
clt_229,Jacqueline Maurice,(592)536-1166,L,F
clt_230,Travis Wright,+33 (0)4 87 06 66 19,XL,M
clt_231,Sandalio de Zorrilla,+34982 39 17 30,XXL,F
clt_232,Porfirio Balaguer Pedraza,0587307187,XXL,M
clt_233,Blake Young,815.481.0959x210,XL,F
clt_234,Mauricio Rojas Corbacho,609.223.5592x14802,XL,M
clt_235,Jovita Corominas Alcázar,+34921 26 34 16,L,M
clt_236,Colette Briand,874-449-4854x2286,XXL,F
clt_237,Thérèse Pascal,+34885 98 06 69,XXL,M
clt_238,Adelina Salas-Becerra,+34 849727848,XXL,F
clt_239,Martine-Margot Pelletier,+33 (0)6 27 22 96 58,L,F
clt_240,Isaac Noriega,+34 876060564,XL,F
clt_241,Zacharie Nicolas,+33 4 20 31 37 72,L,M
clt_242,Lori Cooper,(566)233-3366,L,M
clt_243,Adrienne Rousset,+34986 710 627,XL,M
clt_244,Erica Stephens,+34 848 79 39 45,XL,M
clt_245,Tamara del Aranda,+34874 15 23 20,XXL,F
clt_246,Amy Stewart,0489325609,XL,F
clt_247,Valentine Rivière,+34873487788,XXL,M
clt_248,Sara Watson,+33 2 98 59 88 65,L,F
clt_249,Danielle Goodwin,+34 822 734 910,XL,F
clt_250,James Gould,+34947354353,L,F
clt_251,Steven Garcia,+34961 258 601,XL,M
clt_252,Eric Santiago,04 69 52 29 02,XL,F
clt_253,Tiffany Thompson,+34 823 73 16 25,L,F
clt_254,Luce De Oliveira,+34 963 32 19 17,XXL,F
clt_255,Suzanne Hebert,+34986619266,XXL,F
clt_256,Michael Friedman,001-539-585-1720x389,XL,M
clt_257,Lucy Traore,+34901 30 78 31,L,F
clt_258,Cécile Leconte,+34 975 44 48 02,XL,M
clt_259,Julieta Llano Garrido,0579775929,L,M
clt_260,Michelle Patel,+34 824202108,XL,F
clt_261,Vito Pujol Gutierrez,4527444646,XXL,F
clt_262,Lisa Mitchell,04 42 56 79 25,XXL,F
clt_263,Charles Gordon,+33 4 63 63 60 96,XXL,M
clt_264,Teodora Huerta Vilar,06 99 92 48 84,XXL,F
clt_265,Marine Valette,800.456.5208x4089,XL,F
clt_266,Kevin Ayala,0546296006,L,M
clt_267,Gabino Gil-Catalán,+34945 425 081,L,M
clt_268,Katherine Vargas,+34975 84 63 27,XL,F
clt_269,Ernesto Casal Barroso,0549781156,L,M
clt_270,Renée de la Dupuy,+34 884547487,L,F
clt_271,Édouard Coste,779-520-3921x1063,XXL,M
clt_272,Daniel Ortiz,495-763-3537x2175,L,M
clt_273,Crystal Hicks,(309)204-1563,XXL,F
clt_274,Mrs. Alicia Campbell,564.820.5210,L,M
clt_275,Raymond Carpenter,+34921 660 171,XL,F
clt_276,Lorraine-Dominique Payet,+34 946174703,L,M
clt_277,Diane Gordon,001-879-480-0140x206,XXL,F
clt_278,Aimée Georges,001-459-725-1829,XXL,F
clt_279,Robert du Noël,+34 701177360,L,M
clt_280,John Mckee,+34 922 62 42 87,XXL,M
clt_281,Olimpia Alegria-Ribera,988-836-7785x862,XXL,F
clt_282,Cruz Mendoza-Novoa,+33 (0)1 43 64 31 04,L,F
clt_283,Odalys Mármol Blanca,+34 918 34 19 20,XXL,F
clt_284,Bruno Bonet Ribas,0326755738,XXL,F
clt_285,Ashley Mcpherson,+33 1 48 98 28 23,L,F
clt_286,Jean Gosselin,+33 1 82 93 34 81,XXL,M
clt_287,Casemiro Bellido-Tormo,+33 3 45 14 90 31,L,M
clt_288,Alfred Lagarde de Louis,(335)528-3456x1862,XL,F
clt_289,Venceslás Arroyo Bernad,+1-436-206-9464,L,M
clt_290,Brandon Perez,+34 960 121 782,XXL,M
clt_291,Odalys Colom-Ávila,0370139757,XL,M
clt_292,Teresita Luna Camino,(635)900-3783x612,XL,M
clt_293,John Simon,0144191369,XXL,M
clt_294,Brian Carson,9393021490,L,M
clt_295,Silvestre Chuy Orozco Ortuño,+33 4 87 45 29 66,L,F
clt_296,Isidora Viña Torre,+1-746-686-3280x355,XXL,F
clt_297,Richard Maréchal,+34 927910136,XXL,M
clt_298,Pauline Le Poulain,+33 5 58 87 02 77,L,F
clt_299,Maximiano del Parra,492.395.7587,L,M
clt_0,Devin Buchanan,0558379536,XXL,F
clt_1,Wesley Adams,+34901264654,XXL,F
clt_2,Samantha Gibbs,+34 879 73 50 03,XL,M
clt_3,Luís Bilbao Palau,+34 928 530 274,XL,M
clt_4,Abel Sancho Ferrández,+34972 483 687,XXL,F
clt_5,Alexandrie Poirier,+34 985 39 36 87,L,M
clt_6,Abraham de Escobar,+1-276-502-3921x80617,XL,M
clt_7,Aurore Fernandez,+34881223039,XL,M
clt_8,Laurence Aubry,+34 816 361 067,L,M
clt_9,Nicole Jourdan,+34 871072704,L,M
clt_10,Leocadio Vilalta Trillo,001-953-779-0727x0560,L,M
clt_11,Angelita Talavera,+33 3 29 89 69 65,XL,M
clt_12,Adrien Chauveau,+33 (0)5 56 02 82 79,XL,M
clt_13,Benigna Alma Nebot Isern,+34 886 08 53 28,XL,M
clt_14,Juan Hernandez,+34 800 686 365,XL,F
clt_15,Eleuterio Carranza Rosado,0223192915,XL,M
clt_16,Adora Pili Adadia Pazos,+34943 38 93 43,L,M
clt_17,Nacho del Gimenez,+34 807 942 426,XL,M
clt_18,Severo del Morata,+33 5 46 03 87 81,XXL,F
clt_19,Benoît Toussaint-Schneider,+33 (0)4 79 44 80 66,XL,F
clt_20,Anthony Reed,+1-707-670-3385,L,F
clt_21,Lucas-Philippe Léger,+34949467142,XL,F
clt_22,Pamela Hernandez,(438)685-4167x056,XXL,M
clt_23,Alain Regnier,649-819-8882x93503,XL,F
clt_24,Demetrio Báez Múgica,+33 4 56 51 46 89,XL,X
clt_25,Patrick Smith,04 57 27 11 64,XXL,M
clt_26,Janice Alvarez,+1-426-279-9034x000,L,M
clt_27,Alejandra Orozco Izquierdo,+34823037743,L,M
clt_28,Celso Aguilar Lago,+33 5 63 10 27 74,L,F
clt_29,Andrea Mendoza,+33 1 70 89 70 08,XXL,F
clt_30,Kimberly Haynes,+34820919451,XXL,F
clt_31,Vito Jáuregui,0353496508,XXL,M
clt_32,Susanne Le Laporte,667.436.7097x035,XL,M
clt_33,Olivier Dupuy,+34826 23 29 88,XXL,F
clt_34,Tracy Maldonado,01 49 76 21 79,L,F
clt_35,Claudine Mary,+34 845 695 216,XXL,M
clt_36,Luc-Bertrand Denis,+33 (0)2 58 13 28 32,XL,M
clt_37,Patricia Le Leclercq,01 83 16 11 19,L,F
clt_38,Ruth Harris,810.773.0632,L,F
clt_39,Belinda Hill,+33 (0)4 27 57 25 75,L,M
clt_40,Jason Ferguson,001-484-771-8827x043,XL,F
clt_41,Constanza Rosado,+34 872 267 586,L,M
clt_42,Mireia Falcón Baró,+33 2 54 35 91 76,XL,X
clt_43,Michael Sampson,+33 (0)6 33 31 89 86,XL,F
clt_44,Javi Sáenz Lago,641.392.4024x894,XL,F
clt_45,Angela Martinez,+34972336536,L,F
clt_46,Odalys Abigaíl Lloret Benavides,612-287-6097,L,F
clt_47,Eric Howell,+34 843085747,XL,F
clt_48,Cruz Pino Cáceres,(425)331-4884x746,L,X
