CommandeID,ProductID,ProductName,Quantite
cmd_1003,prd_76,Noix,277
cmd_1547,prd_3,Rillettes,114
cmd_1533,prd_19,Crackers,131
cmd_1961,prd_20,Sucre,3
cmd_539,prd_20,Compote,73
cmd_1727,prd_74,Biscuits,223
cmd_1873,prd_6,Vinaigre,199
cmd_168,prd_31,Moutarde,75
cmd_1137,prd_74,Salsa,39
cmd_990,prd_67,Céréales,57
cmd_1650,prd_34,Sauce,64
cmd_794,prd_34,Compote,125
cmd_1453,prd_69,Pain,233
cmd_1468,prd_75,Vinaigrette,166
cmd_807,prd_57,Mélange,88
cmd_687,prd_71,Hummus,106
cmd_1072,prd_9,Salami,212
cmd_1530,prd_19,Jambon,177
cmd_1347,prd_58,Poudre,2
cmd_1453,prd_44,Crème,272
cmd_1801,prd_25,Café,148
cmd_1520,prd_32,Concentré,256
cmd_593,prd_40,Poulet,33
cmd_1680,prd_45,Vinaigrette,18
cmd_90,prd_51,Poulet,28
cmd_1324,prd_65,Paprika,224
cmd_404,prd_59,Vinaigre,206
cmd_1197,prd_42,Lait,30
cmd_1400,prd_31,Mélange,286
cmd_818,prd_34,Raisins,300
cmd_1710,prd_4,Mayonnaise,243
cmd_91,prd_44,Confiture,178
cmd_150,prd_71,Pâtes,5
cmd_574,prd_31,Crackers,38
cmd_658,prd_44,Amandes,44
cmd_285,prd_61,Purée,174
cmd_1647,prd_59,Farine,167
cmd_933,prd_28,Crème,40
cmd_124,prd_22,Cacao,300
cmd_242,prd_74,Cornflakes,210
cmd_942,prd_3,Jambon,55
cmd_594,prd_33,Sucre,78
cmd_1071,prd_47,Pâtes,39
cmd_265,prd_45,Guacamole,135
cmd_99,prd_37,Moutarde,168
cmd_487,prd_67,Biscuits,59
cmd_993,prd_79,Yaourt,225
cmd_1000,prd_23,Pâtes,48
cmd_1628,prd_63,Crêpes,16
cmd_239,prd_18,Tzatziki,162
cmd_1115,prd_15,Pop-corn,285
cmd_1400,prd_57,Pâté,289
cmd_310,prd_69,Herbes,165
cmd_367,prd_76,Cacao,213
cmd_1901,prd_48,Farine,168
cmd_647,prd_29,Pâtes,54
cmd_1984,prd_62,Pâte,256
cmd_1623,prd_6,Tartinade,240
cmd_77,prd_39,Sauce,150
cmd_755,prd_74,Olives,53
cmd_250,prd_1,Jambon,298
cmd_1121,prd_56,Jambon,229
cmd_1995,prd_26,Compote,124
cmd_964,prd_74,Crème,31
cmd_1147,prd_60,Miel,294
cmd_236,prd_32,Salami,231
cmd_1093,prd_46,Cornflakes,20
cmd_1054,prd_40,Graines,141
cmd_42,prd_41,Salsa,51
cmd_109,prd_8,Mayonnaise,286
cmd_1262,prd_5,Compote,192
cmd_0,prd_54,Huile,152
cmd_1623,prd_54,Saucisse,97
cmd_396,prd_74,Viande,24
cmd_1010,prd_27,Sucre,121
cmd_620,prd_72,Tartinade,23
cmd_875,prd_13,Purée,148
cmd_1024,prd_63,Salami,176
cmd_1341,prd_12,Chips,197
cmd_1081,prd_68,Biscuits,210
cmd_994,prd_67,Poisson,242
cmd_594,prd_51,Moutarde,222
cmd_604,prd_23,Graines,11
cmd_1923,prd_24,Pâtes,250
cmd_653,prd_53,Guacamole,163
cmd_1393,prd_25,Herbes,289
cmd_508,prd_41,Tartinade,28
cmd_336,prd_8,Chips,36
cmd_1407,prd_64,Gâteaux,30
cmd_385,prd_60,Sauce,261
cmd_518,prd_64,Gâteaux,172
cmd_859,prd_60,Pâtes,159
cmd_1118,prd_17,Poivre,191
cmd_1115,prd_17,Crème,208
cmd_1524,prd_7,Guacamole,214
cmd_1082,prd_54,Poulet,162
cmd_1011,prd_63,Miel,84
cmd_312,prd_7,Bacon,207
cmd_182,prd_44,Confiture,186
cmd_362,prd_56,Cumin,33
cmd_1945,prd_41,Mélange,211
cmd_954,prd_43,Fromage,139
cmd_1835,prd_64,Cacao,98
cmd_1416,prd_19,Compote,42
cmd_1783,prd_30,Viande,63
cmd_102,prd_0,Margarine,177
cmd_1373,prd_51,Jambon,260
cmd_1355,prd_39,Flocons,72
cmd_638,prd_1,Fromage,199
cmd_1613,prd_57,Pâtes,231
cmd_917,prd_42,Moutarde,71
cmd_1102,prd_54,Sirops,233
cmd_241,prd_61,Café,126
cmd_1462,prd_39,Amandes,295
cmd_1645,prd_42,Crackers,72
cmd_678,prd_42,Sirops,13
cmd_645,prd_1,Sel,197
cmd_1079,prd_43,Cacahuètes,106
cmd_1763,prd_75,Rillettes,229
cmd_30,prd_23,Poisson,84
cmd_1038,prd_59,Salami,217
cmd_1764,prd_74,Salami,92
cmd_867,prd_23,Moutarde,92
cmd_888,prd_67,Compote,11
cmd_246,prd_23,Miel,77
cmd_185,prd_53,Moutarde,178
cmd_1822,prd_17,Flocons,3
cmd_598,prd_34,Crêpes,41
cmd_1540,prd_13,Huile,61
cmd_738,prd_31,Herbes,137
cmd_1438,prd_55,Amandes,292
cmd_1089,prd_74,Lait,147
cmd_76,prd_75,Paprika,213
cmd_43,prd_18,Yaourt,141
cmd_1420,prd_68,Huile,179
cmd_1959,prd_55,Chips,245
cmd_921,prd_27,Bacon,12
cmd_37,prd_75,Poivre,90
cmd_915,prd_19,Moutarde,76
cmd_52,prd_51,Céréales,187
cmd_1968,prd_64,Sel,257
cmd_96,prd_10,Mayonnaise,135
cmd_339,prd_11,Huile,190
cmd_461,prd_14,Noix,24
cmd_287,prd_22,Purée,96
cmd_736,prd_10,Fromage,6
cmd_1586,prd_79,Poudre,296
cmd_55,prd_37,Poisson,240
cmd_1142,prd_20,Biscuits,36
cmd_945,prd_49,Herbes,112
cmd_1272,prd_75,Graines,48
cmd_634,prd_28,Margarine,30
cmd_910,prd_5,Compote,141
cmd_798,prd_34,Cornflakes,147
cmd_1347,prd_7,Biscuits,284
cmd_1095,prd_39,Pâtes,187
cmd_1685,prd_61,Pain,221
cmd_1459,prd_79,Pâtes,231
cmd_710,prd_22,Poulet,123
cmd_1823,prd_61,Cannelle,270
cmd_1284,prd_51,Vinaigrette,31
cmd_780,prd_51,Flocons,73
cmd_694,prd_34,Pâtes,2
cmd_297,prd_18,Poulet,128
cmd_959,prd_55,Biscuits,153
cmd_247,prd_32,Tzatziki,196
cmd_1563,prd_62,Fromage,254
cmd_538,prd_55,Cannelle,51
cmd_1257,prd_6,Pâté,137
cmd_1675,prd_50,Poudre,88
cmd_1440,prd_34,Steak,112
cmd_1173,prd_30,Moutarde,43
cmd_922,prd_13,Sel,221
cmd_1642,prd_8,Mélange,220
cmd_903,prd_17,Tartinade,228
cmd_252,prd_36,Cacao,45
cmd_348,prd_28,Pâté,20
cmd_1081,prd_79,Salami,174
cmd_1420,prd_26,Margarine,57
cmd_1236,prd_30,Chocolat,48
cmd_1475,prd_52,Café,94
cmd_708,prd_32,Pain,19
cmd_1157,prd_29,Paprika,189
cmd_1883,prd_73,Margarine,266
cmd_832,prd_52,Jambon,272
cmd_398,prd_37,Huile,293
cmd_833,prd_29,Viande,25
cmd_347,prd_17,Cornichons,125
cmd_407,prd_43,Tzatziki,142
cmd_1996,prd_61,Flocons,36
cmd_448,prd_59,Crème,43
cmd_804,prd_33,Yaourt,32
cmd_427,prd_34,Gâteaux,144
cmd_330,prd_25,Mayonnaise,93
cmd_1811,prd_19,Beurre,139
cmd_1966,prd_54,Jus,194
cmd_208,prd_28,Margarine,37
cmd_1106,prd_13,Tzatziki,209
cmd_541,prd_33,Amandes,148
cmd_1691,prd_10,Olives,84
cmd_1838,prd_8,Poudre,178
cmd_1588,prd_18,Poivre,160
cmd_674,prd_8,Vinaigre,209
cmd_824,prd_63,Chocolat,278
cmd_1982,prd_32,Hummus,102
cmd_651,prd_43,Pâtes,88
cmd_1657,prd_29,Mélange,134
cmd_1153,prd_72,Viande,219
cmd_197,prd_50,Biscuits,82
cmd_1172,prd_1,Poulet,169
cmd_458,prd_2,Mélange,45
cmd_538,prd_77,Pâtes,250
cmd_1559,prd_55,Pâtes,296
cmd_289,prd_28,Tzatziki,116
cmd_1785,prd_23,Purée,210
cmd_1894,prd_3,Pain,198
cmd_48,prd_4,Paprika,144
cmd_1284,prd_0,Guacamole,156
cmd_1913,prd_74,Bacon,133
cmd_698,prd_73,Sauce,236
cmd_829,prd_56,Pâtes,256
cmd_1605,prd_11,Viande,86
cmd_333,prd_30,Purée,249
cmd_525,prd_47,Cornflakes,61
cmd_1144,prd_17,Crème,272
cmd_1590,prd_29,Poulet,134
cmd_1946,prd_19,Ketchup,212
cmd_467,prd_1,Jambon,183
cmd_1526,prd_78,Salsa,140
cmd_1312,prd_43,Épices,220
cmd_1954,prd_0,Sirops,5
cmd_260,prd_0,Crème,140
cmd_1188,prd_24,Moutarde,256
cmd_1052,prd_48,Herbes,169
cmd_480,prd_25,Salami,51
cmd_1056,prd_57,Paprika,216
cmd_694,prd_24,Cornichons,28
cmd_479,prd_0,Viande,129
cmd_1695,prd_53,Poudre,274
cmd_677,prd_76,Sirops,59
cmd_1682,prd_60,Poulet,158
cmd_1064,prd_21,Noix,142
cmd_1671,prd_71,Purée,149
cmd_784,prd_58,Farine,50
cmd_1349,prd_34,Pâtes,55
cmd_152,prd_9,Flocons,207
cmd_395,prd_60,Beurre,149
cmd_619,prd_32,Jambon,28
cmd_1219,prd_39,Herbes,278
cmd_713,prd_22,Moutarde,298
cmd_1088,prd_72,Farine,194
cmd_1783,prd_17,Sauce,223
cmd_1846,prd_19,Flocons,247
cmd_1362,prd_32,Paprika,132
cmd_219,prd_59,Cornichons,4
cmd_493,prd_31,Sucre,218
cmd_438,prd_16,Hummus,21
cmd_657,prd_35,Moutarde,127
cmd_1503,prd_61,Sucre,256
cmd_695,prd_10,Confiture,294
cmd_921,prd_18,Chocolat,278
cmd_1814,prd_66,Viande,158
cmd_822,prd_13,Jambon,23
cmd_353,prd_57,Ketchup,260
cmd_916,prd_33,Beurre,93
cmd_1534,prd_24,Céréales,53
cmd_250,prd_56,Poudre,32
cmd_1165,prd_9,Purée,264
cmd_836,prd_27,Sucre,169
cmd_1423,prd_74,Salsa,220
cmd_1460,prd_13,Pop-corn,106
cmd_1605,prd_68,Cannelle,32
cmd_620,prd_59,Salami,161
cmd_781,prd_26,Olives,268
cmd_1203,prd_28,Rillettes,80
cmd_451,prd_24,Épices,144
cmd_970,prd_38,Sirops,71
cmd_1495,prd_13,Guacamole,264
cmd_1737,prd_40,Moutarde,107
cmd_198,prd_19,Moutarde,283
cmd_1972,prd_1,Riz,206
cmd_836,prd_34,Compote,214
cmd_1055,prd_77,Sel,87
cmd_612,prd_27,Salsa,131
cmd_1333,prd_76,Céréales,259
cmd_1137,prd_55,Gâteaux,24
cmd_1021,prd_31,Sirops,119
cmd_126,prd_54,Vinaigrette,280
cmd_712,prd_47,Vinaigre,154
cmd_32,prd_41,Cannelle,14
cmd_1479,prd_18,Poudre,8
cmd_30,prd_38,Noix,97
cmd_1106,prd_15,Pâte,270
cmd_1779,prd_66,Salsa,45
cmd_1981,prd_74,Salsa,203
cmd_1395,prd_15,Raisins,32
cmd_917,prd_5,Sirops,86
cmd_364,prd_58,Herbes,27
cmd_1738,prd_34,Rillettes,72
cmd_1607,prd_0,Pâte,255
cmd_1812,prd_38,Salami,26
cmd_1297,prd_23,Hummus,26
cmd_1142,prd_36,Tzatziki,47
cmd_1920,prd_36,Pâtes,167
cmd_50,prd_51,Lait,66
cmd_1827,prd_69,Compote,13
cmd_1821,prd_13,Steak,210
cmd_547,prd_46,Chocolat,275
cmd_945,prd_79,Flocons,64
cmd_1317,prd_33,Cumin,233
cmd_1576,prd_6,Crackers,65
cmd_1898,prd_18,Sauce,294
cmd_191,prd_39,Vinaigre,7
cmd_561,prd_10,Cornflakes,79
cmd_307,prd_67,Chocolat,229
cmd_950,prd_11,Épices,73
cmd_1800,prd_63,Confiture,36
cmd_1438,prd_4,Pop-corn,25
cmd_1596,prd_27,Pâtes,187
cmd_1159,prd_46,Cacao,223
cmd_1518,prd_20,Crêpes,275
cmd_365,prd_17,Pâtes,203
cmd_1176,prd_37,Jus,126
cmd_1583,prd_27,Noix,12
cmd_1099,prd_37,Cumin,65
cmd_293,prd_78,Sauce,158
cmd_382,prd_77,Moutarde,21
cmd_1368,prd_18,Lait,143
cmd_1819,prd_73,Tartinade,20
cmd_946,prd_14,Jambon,119
cmd_482,prd_24,Pâte,92
cmd_1952,prd_56,Café,37
cmd_1490,prd_79,Jambon,295
cmd_930,prd_44,Pain,167
cmd_248,prd_35,Cannelle,31
cmd_1709,prd_76,Ketchup,194
cmd_33,prd_57,Thé,182
cmd_1049,prd_14,Farine,2
cmd_805,prd_11,Huile,13
cmd_901,prd_35,Raisins,148
cmd_726,prd_14,Poudre,232
cmd_1073,prd_9,Guacamole,238
cmd_423,prd_8,Bacon,108
cmd_1875,prd_11,Mayonnaise,112
cmd_419,prd_48,Steak,272
cmd_319,prd_67,Steak,17
cmd_1383,prd_50,Épices,235
cmd_489,prd_23,Cumin,264
cmd_1521,prd_56,Sucre,39
cmd_1357,prd_15,Sirops,159
cmd_168,prd_64,Pop-corn,209
cmd_1098,prd_50,Cannelle,118
cmd_627,prd_0,Viande,1
cmd_1685,prd_40,Biscuits,147
cmd_1508,prd_63,Céréales,171
cmd_81,prd_25,Chocolat,251
cmd_1327,prd_43,Tzatziki,139
cmd_1009,prd_13,Pâte,133
cmd_282,prd_16,Viande,17
cmd_726,prd_55,Lait,190
cmd_507,prd_26,Guacamole,117
cmd_1604,prd_25,Hummus,225
cmd_484,prd_70,Ketchup,154
cmd_403,prd_37,Tzatziki,91
cmd_1870,prd_24,Margarine,126
cmd_299,prd_69,Poisson,214
cmd_262,prd_3,Moutarde,38
cmd_1805,prd_48,Farine,130
cmd_1150,prd_71,Farine,11
cmd_1129,prd_63,Graines,159
cmd_438,prd_46,Cannelle,129
cmd_280,prd_15,Pâté,23
cmd_1794,prd_1,Cacahuètes,223
cmd_180,prd_77,Cacao,72
cmd_1622,prd_67,Bacon,107
cmd_1378,prd_43,Poisson,290
cmd_987,prd_70,Vinaigre,107
cmd_1199,prd_3,Cacao,169
cmd_1787,prd_60,Farine,47
cmd_1022,prd_57,Huile,201
cmd_1252,prd_19,Ketchup,150
cmd_933,prd_36,Crackers,158
cmd_469,prd_49,Tartinade,276
cmd_1030,prd_32,Steak,142
cmd_778,prd_71,Sauce,8
cmd_1345,prd_73,Lait,283
cmd_832,prd_10,Pâté,268
cmd_584,prd_68,Bacon,31
cmd_1582,prd_54,Farine,106
cmd_782,prd_51,Tzatziki,165
cmd_475,prd_47,Café,156
cmd_582,prd_32,Poudre,38
cmd_77,prd_62,Vinaigrette,101
cmd_764,prd_6,Mélange,92
cmd_1933,prd_24,Tzatziki,95
cmd_264,prd_5,Sauce,207
cmd_463,prd_72,Pâté,46
cmd_143,prd_44,Crêpes,21
cmd_304,prd_29,Chips,238
cmd_1128,prd_53,Raisins,254
cmd_797,prd_57,Sauce,169
cmd_1645,prd_43,Tzatziki,190
cmd_1601,prd_27,Ketchup,74
cmd_788,prd_23,Beurre,148
cmd_1765,prd_19,Salami,269
cmd_1305,prd_10,Sauce,266
cmd_15,prd_1,Cornflakes,89
cmd_1279,prd_41,Chips,113
cmd_1802,prd_35,Bacon,179
cmd_1078,prd_30,Fromage,211
cmd_1740,prd_74,Concentré,153
cmd_1371,prd_29,Chocolat,29
cmd_1740,prd_59,Steak,246
cmd_1664,prd_6,Amandes,62
cmd_1723,prd_66,Gâteaux,235
cmd_1454,prd_78,Saucisse,169
cmd_313,prd_32,Hummus,24
cmd_1455,prd_18,Gâteaux,294
cmd_1733,prd_10,Confiture,62
cmd_695,prd_12,Thé,253
cmd_1767,prd_31,Poisson,188
cmd_1015,prd_23,Farine,179
cmd_274,prd_47,Cumin,34
cmd_477,prd_13,Sel,61
cmd_447,prd_8,Mélange,158
cmd_772,prd_49,Ketchup,246
cmd_908,prd_30,Ketchup,145
cmd_729,prd_7,Flocons,64
cmd_1397,prd_28,Flocons,273
cmd_359,prd_4,Café,99
cmd_736,prd_65,Moutarde,40
cmd_1610,prd_74,Hummus,135
cmd_1296,prd_46,Pain,148
cmd_1934,prd_21,Moutarde,171
cmd_738,prd_57,Café,85
cmd_630,prd_53,Steak,84
cmd_224,prd_49,Compote,274
cmd_704,prd_48,Huile,269
cmd_807,prd_41,Pâtes,268
cmd_1047,prd_30,Thé,136
cmd_511,prd_47,Confiture,268
cmd_754,prd_31,Confiture,6
cmd_740,prd_38,Yaourt,51
cmd_314,prd_39,Chips,241
cmd_372,prd_36,Compote,100
cmd_886,prd_1,Huile,60
cmd_641,prd_63,Vinaigre,243
cmd_758,prd_28,Compote,162
cmd_737,prd_46,Sauce,129
cmd_1123,prd_56,Céréales,32
cmd_53,prd_77,Flocons,163
cmd_1029,prd_38,Noix,268
cmd_381,prd_40,Margarine,138
cmd_946,prd_32,Pâtes,54
cmd_1032,prd_6,Cacahuètes,21
cmd_1885,prd_59,Huile,106
cmd_1867,prd_29,Sel,135
cmd_1914,prd_1,Fromage,240
cmd_758,prd_0,Cacao,217
cmd_1678,prd_27,Salami,142
cmd_1060,prd_20,Poulet,161
cmd_1356,prd_8,Pâté,126
cmd_1502,prd_57,Compote,179
cmd_857,prd_56,Moutarde,257
cmd_184,prd_57,Viande,17
cmd_560,prd_32,Salami,212
cmd_1323,prd_59,Olives,139
cmd_1006,prd_17,Crackers,260
cmd_318,prd_20,Pop-corn,30
cmd_726,prd_14,Sauce,249
cmd_1833,prd_75,Poivre,92
cmd_1482,prd_32,Hummus,141
cmd_49,prd_47,Mayonnaise,39
cmd_1554,prd_1,Mélange,280
cmd_1245,prd_23,Beurre,264
cmd_1966,prd_47,Poisson,210
cmd_1267,prd_7,Mélange,119
cmd_374,prd_63,Poisson,220
cmd_1508,prd_20,Farine,43
cmd_1190,prd_58,Chips,233
cmd_1853,prd_40,Miel,80
cmd_513,prd_23,Poivre,174
cmd_770,prd_14,Gâteaux,25
cmd_1133,prd_0,Tartinade,60
cmd_142,prd_19,Pâté,274
cmd_1123,prd_16,Fromage,264
cmd_211,prd_49,Thé,195
cmd_1894,prd_3,Vinaigrette,19
cmd_1502,prd_57,Beurre,47
cmd_757,prd_79,Amandes,40
cmd_1091,prd_67,Steak,1
cmd_1767,prd_60,Salsa,212
cmd_1370,prd_5,Pâtes,91
cmd_1185,prd_56,Paprika,41
cmd_1064,prd_18,Café,247
cmd_789,prd_60,Crêpes,105
cmd_1020,prd_68,Noix,192
cmd_1936,prd_52,Pâté,34
cmd_669,prd_53,Pop-corn,244
cmd_1149,prd_47,Pâté,299
cmd_1660,prd_46,Biscuits,282
cmd_1928,prd_72,Compote,112
cmd_701,prd_9,Viande,164
cmd_1916,prd_61,Sauce,211
cmd_574,prd_17,Jambon,282
cmd_1752,prd_1,Cacahuètes,186
cmd_1092,prd_73,Beurre,242
cmd_704,prd_58,Thé,285
cmd_1852,prd_26,Flocons,92
cmd_1980,prd_27,Pâté,267
cmd_1175,prd_34,Sucre,69
cmd_1838,prd_7,Jambon,211
cmd_1353,prd_17,Rillettes,35
cmd_803,prd_17,Olives,250
cmd_964,prd_74,Mayonnaise,252
cmd_950,prd_8,Crackers,162
cmd_1372,prd_19,Cacahuètes,31
cmd_1421,prd_75,Cornichons,36
cmd_1757,prd_38,Chocolat,101
cmd_1289,prd_31,Farine,72
cmd_11,prd_71,Pâte,101
cmd_1814,prd_24,Jus,55
cmd_958,prd_70,Cacahuètes,125
cmd_940,prd_78,Farine,160
cmd_1696,prd_47,Sucre,42
cmd_142,prd_36,Riz,222
cmd_233,prd_63,Hummus,69
cmd_1858,prd_34,Jus,41
cmd_355,prd_59,Sirops,142
cmd_814,prd_21,Vinaigre,195
cmd_1651,prd_0,Café,181
cmd_1042,prd_27,Yaourt,268
cmd_186,prd_36,Raisins,54
cmd_1637,prd_62,Pâtes,37
cmd_1649,prd_29,Steak,168
cmd_1939,prd_54,Fromage,49
cmd_1515,prd_8,Crème,36
cmd_1065,prd_41,Pâtes,135
cmd_166,prd_20,Riz,12
cmd_17,prd_72,Jus,94
cmd_1831,prd_49,Thé,178
cmd_97,prd_41,Vinaigre,293
cmd_1863,prd_43,Compote,257
cmd_419,prd_48,Salsa,265
cmd_767,prd_77,Graines,27
cmd_1228,prd_18,Cacao,204
cmd_786,prd_79,Sirops,231
cmd_911,prd_56,Compote,84
cmd_1133,prd_71,Vinaigrette,166
cmd_551,prd_21,Poulet,14
cmd_1269,prd_16,Cornflakes,286
cmd_1732,prd_39,Cacao,245
cmd_1090,prd_21,Ketchup,59
cmd_348,prd_44,Compote,49
cmd_955,prd_46,Herbes,194
cmd_602,prd_56,Biscuits,160
cmd_967,prd_23,Salami,293
cmd_1908,prd_61,Sirops,283
cmd_1369,prd_13,Pâtes,168
cmd_18,prd_67,Ketchup,125
cmd_687,prd_72,Jus,157
cmd_1806,prd_50,Compote,205
cmd_1827,prd_54,Sauce,21
cmd_1344,prd_21,Lait,27
cmd_1865,prd_28,Lait,19
cmd_722,prd_28,Chocolat,174
cmd_360,prd_35,Ketchup,48
cmd_1026,prd_25,Mayonnaise,259
cmd_163,prd_70,Farine,56
cmd_1826,prd_9,Confiture,56
cmd_1132,prd_32,Vinaigre,216
cmd_1749,prd_27,Vinaigrette,292
cmd_603,prd_40,Mélange,206
cmd_1272,prd_56,Poivre,143
cmd_815,prd_39,Lait,33
cmd_1309,prd_40,Chips,257
cmd_676,prd_5,Crackers,159
cmd_164,prd_31,Purée,234
cmd_804,prd_5,Graines,257
cmd_1907,prd_19,Bacon,181
cmd_456,prd_7,Hummus,44
cmd_187,prd_26,Sel,27
cmd_365,prd_68,Pain,151
cmd_997,prd_31,Chocolat,200
cmd_318,prd_60,Graines,287
cmd_831,prd_5,Graines,225
cmd_1561,prd_69,Yaourt,225
cmd_124,prd_51,Hummus,224
cmd_1972,prd_41,Sirops,150
cmd_790,prd_13,Chips,72
cmd_261,prd_11,Pop-corn,116
cmd_1088,prd_47,Jus,83
cmd_1377,prd_66,Concentré,283
cmd_1231,prd_67,Tzatziki,45
cmd_729,prd_29,Rillettes,142
cmd_677,prd_15,Pâte,27
cmd_1431,prd_10,Raisins,149
cmd_1093,prd_25,Crackers,68
cmd_1522,prd_28,Mélange,27
cmd_79,prd_61,Poulet,157
cmd_258,prd_22,Ketchup,195
cmd_479,prd_70,Mélange,105
cmd_994,prd_66,Crackers,103
cmd_1168,prd_51,Lait,169
cmd_328,prd_0,Confiture,232
cmd_67,prd_69,Paprika,151
cmd_446,prd_27,Compote,177
cmd_1732,prd_5,Crackers,156
cmd_326,prd_24,Moutarde,162
cmd_497,prd_29,Cumin,134
cmd_1317,prd_33,Mayonnaise,161
cmd_1859,prd_21,Flocons,124
cmd_1187,prd_70,Chocolat,140
cmd_25,prd_31,Sucre,166
cmd_954,prd_69,Crêpes,145
cmd_625,prd_46,Jus,222
cmd_1066,prd_21,Sauce,224
cmd_1467,prd_79,Concentré,225
cmd_1868,prd_67,Salsa,277
cmd_1045,prd_22,Poulet,11
cmd_1598,prd_20,Chips,174
cmd_398,prd_27,Thé,61
cmd_1430,prd_4,Salami,135
cmd_804,prd_12,Jambon,287
cmd_573,prd_31,Cumin,77
cmd_337,prd_29,Salami,38
cmd_611,prd_67,Chocolat,31
cmd_855,prd_72,Salami,261
cmd_1858,prd_73,Cornichons,129
cmd_656,prd_25,Crème,274
cmd_274,prd_68,Crème,99
cmd_787,prd_56,Miel,219
cmd_521,prd_78,Miel,77
cmd_1914,prd_21,Pâte,215
cmd_151,prd_45,Cornichons,230
cmd_1205,prd_46,Crêpes,112
cmd_1550,prd_76,Mayonnaise,37
cmd_328,prd_7,Noix,276
cmd_611,prd_14,Farine,181
cmd_549,prd_11,Jambon,192
cmd_1862,prd_55,Sauce,238
cmd_286,prd_10,Paprika,166
cmd_1575,prd_18,Tzatziki,58
cmd_398,prd_63,Compote,18
cmd_1398,prd_58,Thé,65
cmd_830,prd_39,Sauce,251
cmd_74,prd_64,Crackers,287
cmd_1176,prd_6,Café,81
cmd_68,prd_30,Guacamole,167
cmd_86,prd_69,Sel,157
cmd_479,prd_31,Cornflakes,136
cmd_1103,prd_33,Concentré,66
cmd_45,prd_71,Gâteaux,64
cmd_680,prd_56,Jambon,292
cmd_412,prd_33,Tartinade,226
cmd_714,prd_53,Pâtes,16
cmd_1896,prd_79,Steak,7
cmd_631,prd_13,Purée,46
cmd_1224,prd_4,Huile,141
cmd_867,prd_29,Poulet,18
cmd_1070,prd_43,Sirops,189
cmd_1177,prd_67,Jambon,14
cmd_1457,prd_36,Pâte,287
cmd_825,prd_27,Concentré,250
cmd_1843,prd_23,Céréales,82
cmd_1206,prd_63,Sauce,146
cmd_1728,prd_65,Hummus,168
cmd_104,prd_32,Moutarde,290
cmd_578,prd_10,Concentré,111
cmd_11,prd_45,Cornichons,269
cmd_1221,prd_26,Ketchup,219
cmd_1621,prd_55,Thé,238
cmd_631,prd_0,Sel,268
cmd_1913,prd_78,Amandes,299
cmd_786,prd_76,Pâtes,244
cmd_1405,prd_65,Chocolat,181
cmd_532,prd_24,Chocolat,222
cmd_765,prd_69,Poudre,29
cmd_12,prd_41,Tzatziki,13
cmd_1756,prd_68,Vinaigrette,45
cmd_433,prd_32,Raisins,27
cmd_1457,prd_29,Compote,103
cmd_1573,prd_15,Sirops,196
cmd_206,prd_22,Sirops,168
cmd_1651,prd_10,Crackers,117
cmd_1071,prd_6,Sauce,68
cmd_421,prd_20,Cacao,101
cmd_510,prd_7,Farine,197
cmd_102,prd_63,Pâtes,168
cmd_605,prd_17,Chocolat,182
cmd_111,prd_48,Compote,243
cmd_1671,prd_16,Sucre,199
cmd_673,prd_74,Sirops,31
cmd_96,prd_75,Cornflakes,292
cmd_378,prd_74,Steak,128
cmd_1026,prd_8,Poudre,210
cmd_548,prd_18,Fromage,114
cmd_1292,prd_77,Gâteaux,145
cmd_230,prd_6,Mélange,214
cmd_1706,prd_13,Jus,188
cmd_279,prd_16,Crackers,149
cmd_1452,prd_47,Sauce,67
cmd_1346,prd_47,Viande,159
cmd_709,prd_67,Poudre,292
cmd_430,prd_69,Olives,287
cmd_1574,prd_39,Flocons,213
cmd_161,prd_50,Rillettes,237
cmd_1187,prd_69,Chocolat,11
cmd_1209,prd_33,Cannelle,274
cmd_1358,prd_62,Chocolat,284
cmd_547,prd_55,Moutarde,252
cmd_1807,prd_8,Moutarde,226
cmd_886,prd_8,Sauce,87
cmd_172,prd_51,Sirops,206
cmd_1968,prd_54,Salsa,294
cmd_1405,prd_65,Épices,193
cmd_1091,prd_73,Mayonnaise,195
cmd_1926,prd_51,Poudre,24
cmd_410,prd_13,Herbes,204
cmd_147,prd_4,Herbes,172
cmd_1373,prd_20,Paprika,171
cmd_1044,prd_74,Mélange,17
cmd_302,prd_67,Miel,235
cmd_1519,prd_34,Poulet,171
cmd_1994,prd_39,Crackers,265
cmd_1826,prd_9,Sucre,144
cmd_1927,prd_32,Herbes,216
cmd_1876,prd_72,Concentré,120
cmd_524,prd_56,Pâtes,220
cmd_284,prd_9,Concentré,207
cmd_833,prd_39,Guacamole,186
cmd_34,prd_65,Poisson,127
cmd_248,prd_10,Graines,217
cmd_509,prd_15,Rillettes,273
cmd_1673,prd_65,Viande,296
cmd_1777,prd_29,Sauce,112
cmd_867,prd_74,Yaourt,214
cmd_983,prd_71,Crème,88
cmd_844,prd_77,Raisins,89
cmd_487,prd_40,Guacamole,94
cmd_1743,prd_78,Amandes,280
cmd_259,prd_73,Pâtes,269
cmd_1468,prd_5,Salsa,112
cmd_843,prd_78,Cornichons,151
cmd_192,prd_14,Riz,78
cmd_1948,prd_52,Hummus,35
cmd_61,prd_43,Chocolat,145
cmd_404,prd_3,Confiture,118
cmd_119,prd_8,Cacahuètes,127
cmd_1411,prd_42,Purée,195
cmd_987,prd_71,Chips,71
cmd_1235,prd_39,Poisson,120
cmd_891,prd_59,Cacao,28
cmd_1534,prd_33,Pâtes,226
cmd_1430,prd_72,Pain,79
cmd_30,prd_21,Bacon,123
cmd_133,prd_29,Beurre,33
cmd_14,prd_52,Cornflakes,293
cmd_713,prd_59,Crackers,24
cmd_658,prd_25,Crème,171
cmd_1838,prd_8,Sirops,158
cmd_448,prd_64,Fromage,75
cmd_1899,prd_69,Pain,61
cmd_624,prd_73,Salami,39
cmd_529,prd_74,Cornichons,265
cmd_1364,prd_7,Cumin,132
cmd_176,prd_57,Poisson,136
cmd_1804,prd_35,Cannelle,224
cmd_1080,prd_75,Purée,77
cmd_176,prd_2,Viande,51
cmd_1922,prd_71,Purée,259
cmd_1792,prd_13,Confiture,44
cmd_204,prd_77,Sucre,260
cmd_520,prd_75,Ketchup,93
cmd_901,prd_20,Poulet,145
cmd_797,prd_44,Paprika,196
cmd_1528,prd_57,Guacamole,8
cmd_1679,prd_22,Cornichons,181
cmd_632,prd_52,Sel,217
cmd_618,prd_58,Chocolat,165
cmd_359,prd_48,Céréales,254
cmd_532,prd_37,Tartinade,37
cmd_279,prd_39,Beurre,65
cmd_1491,prd_0,Viande,166
cmd_1830,prd_33,Bacon,259
cmd_1340,prd_13,Sauce,262
cmd_446,prd_29,Hummus,104
cmd_1129,prd_31,Sirops,210
cmd_323,prd_25,Saucisse,192
cmd_437,prd_64,Jus,241
cmd_192,prd_69,Sirops,203
cmd_51,prd_77,Biscuits,287
cmd_748,prd_31,Margarine,22
cmd_170,prd_61,Sirops,245
cmd_300,prd_12,Farine,64
cmd_259,prd_79,Cacahuètes,192
cmd_344,prd_33,Steak,139
cmd_1038,prd_0,Pâtes,292
cmd_690,prd_49,Biscuits,86
cmd_1775,prd_57,Cornflakes,33
cmd_310,prd_37,Cornichons,127
cmd_595,prd_12,Tartinade,76
cmd_1377,prd_74,Mélange,185
cmd_1915,prd_37,Vinaigre,43
cmd_1698,prd_78,Pâte,195
cmd_1497,prd_20,Pâtes,195
cmd_1822,prd_36,Mélange,86
cmd_1731,prd_53,Cacao,169
cmd_1963,prd_24,Noix,49
cmd_1661,prd_32,Compote,153
cmd_1889,prd_60,Saucisse,114
cmd_700,prd_51,Confiture,144
cmd_1810,prd_67,Moutarde,83
cmd_308,prd_63,Lait,293
cmd_152,prd_71,Cacao,49
cmd_190,prd_50,Raisins,164
cmd_1623,prd_21,Hummus,215
cmd_640,prd_54,Mélange,66
cmd_1786,prd_13,Mélange,195
cmd_499,prd_23,Steak,217
cmd_772,prd_70,Sel,31
cmd_1496,prd_75,Sucre,150
cmd_483,prd_77,Cumin,279
cmd_333,prd_16,Gâteaux,130
cmd_1698,prd_23,Graines,289
cmd_1389,prd_9,Viande,124
cmd_1038,prd_34,Épices,272
cmd_1130,prd_55,Jus,86
cmd_1975,prd_55,Salsa,206
cmd_1995,prd_59,Beurre,276
cmd_1254,prd_22,Mélange,283
cmd_686,prd_7,Poivre,293
cmd_344,prd_30,Miel,296
cmd_629,prd_16,Sirops,81
cmd_1370,prd_12,Épices,230
cmd_1260,prd_11,Compote,75
cmd_435,prd_40,Farine,114
cmd_689,prd_62,Crêpes,114
cmd_24,prd_21,Thé,182
cmd_1296,prd_68,Margarine,141
cmd_1585,prd_37,Riz,189
cmd_1137,prd_23,Raisins,202
cmd_1836,prd_0,Moutarde,58
cmd_379,prd_68,Crêpes,78
cmd_280,prd_14,Pâtes,151
cmd_1290,prd_75,Graines,291
cmd_1806,prd_27,Compote,142
cmd_1711,prd_14,Sirops,255
cmd_1186,prd_0,Cacahuètes,237
cmd_613,prd_67,Épices,148
cmd_597,prd_59,Miel,113
cmd_1231,prd_23,Paprika,185
cmd_1208,prd_44,Confiture,125
cmd_1610,prd_61,Sucre,206
cmd_1750,prd_31,Poisson,286
cmd_799,prd_21,Herbes,174
cmd_599,prd_12,Salsa,185
cmd_1532,prd_12,Tzatziki,248
cmd_750,prd_51,Ketchup,9
cmd_1760,prd_73,Crème,110
cmd_1772,prd_76,Raisins,103
cmd_1373,prd_10,Poulet,84
cmd_580,prd_76,Chocolat,23
cmd_227,prd_16,Cornflakes,92
cmd_33,prd_21,Rillettes,91
cmd_331,prd_57,Guacamole,253
cmd_1008,prd_1,Cornflakes,235
cmd_703,prd_16,Chips,188
cmd_1811,prd_51,Moutarde,139
cmd_1657,prd_75,Paprika,151
cmd_1512,prd_3,Ketchup,6
cmd_1311,prd_65,Pain,219
cmd_602,prd_1,Sauce,120
cmd_1962,prd_16,Biscuits,262
cmd_1839,prd_54,Cannelle,185
cmd_1073,prd_65,Crackers,85
cmd_1605,prd_10,Cornflakes,171
cmd_1214,prd_51,Noix,218
cmd_1095,prd_20,Poudre,286
cmd_1969,prd_52,Purée,270
cmd_1496,prd_55,Guacamole,197
cmd_766,prd_62,Compote,141
cmd_1898,prd_71,Pâté,188
cmd_1234,prd_36,Céréales,30
cmd_190,prd_43,Beurre,271
cmd_1159,prd_1,Jambon,84
cmd_592,prd_40,Crêpes,52
cmd_409,prd_42,Cacahuètes,153
cmd_1682,prd_49,Crackers,109
cmd_427,prd_7,Crackers,264
cmd_650,prd_40,Amandes,272
cmd_1148,prd_69,Cacao,240
cmd_1682,prd_73,Poulet,120
cmd_1044,prd_38,Herbes,95
cmd_1064,prd_7,Pain,78
cmd_1435,prd_33,Poivre,249
cmd_244,prd_59,Cacao,21
cmd_967,prd_29,Vinaigre,153
cmd_855,prd_20,Sel,23
cmd_410,prd_79,Cornflakes,257
cmd_1676,prd_74,Gâteaux,73
cmd_1672,prd_17,Biscuits,189
cmd_1710,prd_37,Pain,262
cmd_1799,prd_60,Sirops,234
cmd_1420,prd_61,Sirops,25
cmd_1357,prd_43,Cannelle,32
cmd_327,prd_25,Salsa,104
cmd_403,prd_32,Épices,262
cmd_404,prd_77,Guacamole,8
cmd_1307,prd_38,Sirops,250
cmd_541,prd_57,Gâteaux,120
cmd_1175,prd_32,Compote,123
cmd_1404,prd_29,Épices,67
cmd_952,prd_34,Ketchup,183
cmd_1171,prd_10,Mélange,40
cmd_1506,prd_69,Chocolat,96
cmd_458,prd_51,Viande,137
cmd_734,prd_11,Jambon,262
cmd_688,prd_23,Cumin,5
cmd_225,prd_48,Paprika,300
cmd_1004,prd_0,Cornichons,56
cmd_746,prd_30,Gâteaux,31
cmd_649,prd_62,Concentré,275
cmd_1622,prd_46,Graines,72
cmd_1197,prd_41,Mayonnaise,123
cmd_367,prd_28,Sauce,73
cmd_1567,prd_36,Viande,172
cmd_1540,prd_57,Sauce,157
cmd_684,prd_43,Mélange,87
cmd_1467,prd_23,Jambon,248
cmd_1918,prd_63,Pain,87
cmd_447,prd_30,Hummus,292
cmd_274,prd_21,Cacahuètes,17
cmd_1921,prd_78,Sucre,164
cmd_1346,prd_9,Mélange,150
cmd_1213,prd_15,Mélange,179
cmd_610,prd_39,Yaourt,167
cmd_1270,prd_64,Noix,244
cmd_145,prd_50,Salami,94
cmd_222,prd_42,Pâtes,38
cmd_579,prd_58,Lait,58
cmd_1309,prd_60,Compote,37
cmd_1032,prd_51,Sirops,55
cmd_1996,prd_36,Fromage,118
cmd_1825,prd_63,Beurre,293
cmd_1073,prd_46,Guacamole,189
cmd_1927,prd_39,Rillettes,222
cmd_1613,prd_79,Herbes,268
cmd_663,prd_11,Viande,170
cmd_548,prd_29,Purée,136
cmd_1067,prd_65,Sauce,15
cmd_1504,prd_69,Flocons,175
cmd_393,prd_15,Crème,192
cmd_61,prd_67,Thé,218
cmd_1555,prd_2,Crème,138
cmd_1046,prd_43,Crackers,258
cmd_1337,prd_48,Jus,268
cmd_551,prd_3,Crêpes,286
cmd_734,prd_20,Riz,85
cmd_1262,prd_56,Beurre,34
cmd_1912,prd_37,Flocons,240
cmd_772,prd_20,Crème,272
cmd_118,prd_75,Cacahuètes,77
cmd_1259,prd_65,Thé,180
cmd_758,prd_15,Sirops,87
cmd_387,prd_8,Mayonnaise,50
cmd_726,prd_20,Crackers,288
cmd_1760,prd_73,Mayonnaise,286
cmd_1298,prd_57,Paprika,259
cmd_614,prd_21,Flocons,158
cmd_822,prd_72,Pâtes,247
cmd_91,prd_39,Pâtes,95
cmd_531,prd_5,Confiture,239
cmd_59,prd_34,Poulet,109
cmd_1022,prd_71,Fromage,22
cmd_1161,prd_79,Sauce,279
cmd_332,prd_75,Tzatziki,188
cmd_1302,prd_23,Moutarde,162
cmd_56,prd_18,Jus,154
cmd_2,prd_22,Salsa,300
cmd_1404,prd_20,Lait,216
cmd_836,prd_35,Compote,140
cmd_254,prd_70,Moutarde,134
cmd_1339,prd_75,Olives,59
cmd_73,prd_79,Pâté,152
cmd_1592,prd_75,Café,294
cmd_715,prd_42,Crêpes,80
cmd_1295,prd_77,Cacao,222
cmd_1260,prd_66,Sauce,92
cmd_165,prd_19,Rillettes,27
cmd_1429,prd_71,Salami,86
cmd_882,prd_60,Cornflakes,290
cmd_1546,prd_30,Cumin,257
cmd_375,prd_45,Épices,244
cmd_821,prd_41,Beurre,217
cmd_165,prd_11,Jambon,194
cmd_498,prd_57,Amandes,113
cmd_1679,prd_53,Pain,287
cmd_605,prd_9,Pâtes,142
cmd_326,prd_39,Poulet,275
cmd_151,prd_60,Mélange,167
cmd_1489,prd_14,Salsa,201
cmd_1286,prd_68,Hummus,144
cmd_1887,prd_62,Cacahuètes,287
cmd_680,prd_8,Salsa,219
cmd_1171,prd_31,Cornichons,298
cmd_1976,prd_10,Cumin,7
cmd_1730,prd_56,Crackers,202
cmd_1885,prd_76,Poulet,146
cmd_533,prd_5,Biscuits,11
cmd_335,prd_35,Salsa,204
cmd_986,prd_67,Yaourt,71
cmd_341,prd_31,Huile,206
cmd_873,prd_79,Chocolat,186
cmd_1116,prd_73,Flocons,144
cmd_1202,prd_36,Crackers,153
cmd_1649,prd_73,Poudre,136
cmd_737,prd_17,Café,7
cmd_196,prd_32,Sauce,91
cmd_1744,prd_7,Rillettes,124
cmd_74,prd_9,Crème,285
cmd_1592,prd_61,Cannelle,141
cmd_101,prd_37,Salsa,202
cmd_1008,prd_1,Crème,230
cmd_1293,prd_48,Cumin,81
cmd_62,prd_50,Vinaigrette,84
cmd_1207,prd_42,Sauce,141
cmd_1239,prd_35,Sirops,17
cmd_256,prd_58,Purée,131
cmd_1670,prd_53,Compote,116
cmd_1944,prd_14,Vinaigrette,127
cmd_1230,prd_58,Cornichons,199
cmd_258,prd_56,Saucisse,213
cmd_1466,prd_61,Olives,151
cmd_513,prd_53,Amandes,72
cmd_66,prd_5,Cacahuètes,272
cmd_1026,prd_59,Chips,35
cmd_1495,prd_32,Poisson,201
cmd_1150,prd_70,Ketchup,169
cmd_532,prd_49,Céréales,236
cmd_1614,prd_10,Margarine,242
cmd_168,prd_13,Compote,165
cmd_1227,prd_52,Mélange,171
cmd_387,prd_27,Herbes,203
cmd_1917,prd_52,Raisins,93
cmd_1785,prd_56,Sirops,205
cmd_951,prd_11,Chocolat,238
cmd_473,prd_6,Margarine,286
cmd_982,prd_7,Margarine,130
cmd_1295,prd_9,Épices,104
cmd_573,prd_76,Salami,29
cmd_1343,prd_62,Chips,22
cmd_1789,prd_15,Riz,215
cmd_656,prd_14,Guacamole,93
cmd_1905,prd_39,Pâtes,178
cmd_224,prd_53,Pâtes,188
cmd_813,prd_19,Cacao,161
cmd_1240,prd_59,Vinaigrette,209
cmd_982,prd_23,Mayonnaise,189
cmd_1682,prd_30,Gâteaux,184
cmd_1096,prd_76,Hummus,125
cmd_1606,prd_39,Sauce,58
cmd_1390,prd_79,Crème,107
cmd_680,prd_68,Cumin,257
cmd_1159,prd_13,Margarine,59
cmd_1963,prd_63,Vinaigrette,242
cmd_432,prd_64,Cumin,159
cmd_333,prd_42,Concentré,223
cmd_1772,prd_38,Pâté,287
cmd_273,prd_76,Pop-corn,290
cmd_1875,prd_53,Amandes,223
cmd_95,prd_21,Steak,218
cmd_1491,prd_66,Chocolat,172
cmd_1467,prd_63,Salsa,41
cmd_209,prd_79,Compote,166
cmd_784,prd_28,Farine,270
cmd_1814,prd_29,Riz,101
cmd_1888,prd_56,Thé,10
cmd_1830,prd_20,Poulet,156
cmd_976,prd_74,Guacamole,68
cmd_1709,prd_44,Jambon,191
cmd_1236,prd_19,Biscuits,252
cmd_1150,prd_35,Bacon,185
cmd_625,prd_70,Céréales,290
cmd_544,prd_2,Tartinade,161
cmd_341,prd_41,Pâtes,270
cmd_1691,prd_73,Cornichons,123
cmd_1759,prd_78,Crème,202
cmd_1983,prd_61,Moutarde,60
cmd_1824,prd_8,Amandes,130
cmd_1971,prd_63,Ketchup,60
cmd_1799,prd_9,Herbes,113
cmd_165,prd_41,Pain,2
cmd_928,prd_69,Margarine,20
cmd_1168,prd_29,Poisson,163
cmd_1068,prd_17,Olives,44
cmd_1843,prd_54,Farine,218
cmd_1162,prd_75,Margarine,187
cmd_1310,prd_48,Cornichons,177
cmd_1702,prd_40,Sauce,196
cmd_175,prd_72,Bacon,160
cmd_487,prd_27,Vinaigre,96
cmd_218,prd_1,Purée,53
cmd_829,prd_28,Mayonnaise,239
cmd_986,prd_68,Sel,37
cmd_1017,prd_66,Compote,123
cmd_1404,prd_69,Sirops,132
cmd_518,prd_32,Crêpes,249
cmd_895,prd_63,Pop-corn,46
cmd_419,prd_49,Guacamole,25
cmd_867,prd_19,Paprika,163
cmd_36,prd_75,Noix,268
cmd_414,prd_22,Steak,217
cmd_477,prd_8,Fromage,193
cmd_1449,prd_78,Poivre,123
cmd_1639,prd_40,Margarine,268
cmd_1713,prd_60,Noix,25
cmd_329,prd_33,Cacahuètes,166
cmd_799,prd_31,Vinaigre,121
cmd_850,prd_48,Chips,190
cmd_1090,prd_76,Poivre,28
cmd_1614,prd_75,Farine,255
cmd_640,prd_1,Thé,295
cmd_1738,prd_79,Sirops,42
cmd_519,prd_5,Crêpes,258
cmd_882,prd_72,Noix,211
cmd_1790,prd_70,Poisson,99
cmd_981,prd_7,Tzatziki,288
cmd_370,prd_31,Noix,138
cmd_1643,prd_21,Poisson,286
cmd_1662,prd_72,Cornichons,36
cmd_1477,prd_56,Pain,269
cmd_943,prd_31,Raisins,289
cmd_1622,prd_3,Paprika,165
cmd_1006,prd_38,Noix,143
cmd_1012,prd_25,Chips,11
cmd_1019,prd_13,Bacon,261
cmd_814,prd_38,Hummus,134
cmd_144,prd_78,Pâtes,147
cmd_1284,prd_0,Pâtes,187
cmd_128,prd_30,Raisins,53
cmd_1704,prd_49,Saucisse,182
cmd_1943,prd_70,Vinaigre,118
cmd_700,prd_41,Pain,68
cmd_407,prd_61,Pâtes,72
cmd_1145,prd_15,Paprika,130
cmd_1085,prd_63,Pâtes,246
cmd_1383,prd_74,Cumin,251
cmd_909,prd_12,Cumin,5
cmd_188,prd_38,Mélange,171
cmd_200,prd_18,Thé,85
cmd_802,prd_66,Noix,1
cmd_1122,prd_5,Vinaigrette,137
cmd_1332,prd_21,Noix,49
cmd_727,prd_49,Jus,86
cmd_992,prd_30,Concentré,95
cmd_459,prd_17,Herbes,34
cmd_1780,prd_73,Amandes,241
cmd_1004,prd_19,Pâtes,231
cmd_402,prd_42,Raisins,27
cmd_1111,prd_40,Pop-corn,218
cmd_534,prd_35,Moutarde,42
cmd_1306,prd_59,Saucisse,51
cmd_530,prd_47,Sucre,114
cmd_1135,prd_76,Crème,14
cmd_1066,prd_29,Moutarde,269
cmd_758,prd_46,Sirops,37
cmd_1191,prd_25,Crackers,80
cmd_235,prd_78,Tartinade,263
cmd_597,prd_9,Chocolat,143
cmd_701,prd_60,Sauce,156
cmd_1082,prd_28,Poudre,13
cmd_949,prd_19,Ketchup,223
cmd_872,prd_65,Lait,136
cmd_1914,prd_7,Pâté,168
cmd_725,prd_11,Pâtes,240
cmd_1383,prd_21,Miel,76
cmd_94,prd_41,Biscuits,194
cmd_1328,prd_46,Sel,254
cmd_1568,prd_43,Pâtes,171
cmd_792,prd_16,Ketchup,70
cmd_843,prd_44,Cacahuètes,47
cmd_204,prd_40,Cacao,263
cmd_407,prd_62,Vinaigre,86
cmd_1328,prd_10,Sauce,218
cmd_1943,prd_29,Compote,43
cmd_1960,prd_8,Sauce,287
cmd_1136,prd_35,Farine,290
cmd_1516,prd_35,Viande,130
cmd_767,prd_1,Crème,25
cmd_1624,prd_2,Noix,156
cmd_451,prd_70,Guacamole,208
cmd_684,prd_19,Jambon,200
cmd_1278,prd_36,Sauce,26
cmd_395,prd_73,Pâte,234
cmd_998,prd_23,Pâté,288
cmd_702,prd_46,Pâtes,43
cmd_665,prd_16,Mélange,107
cmd_328,prd_9,Graines,74
cmd_922,prd_75,Riz,193
cmd_1996,prd_37,Ketchup,214
cmd_413,prd_0,Herbes,261
cmd_320,prd_64,Noix,54
cmd_444,prd_15,Saucisse,81
cmd_1939,prd_6,Biscuits,29
cmd_756,prd_9,Cacao,171
cmd_1374,prd_70,Pâtes,24
cmd_938,prd_7,Beurre,74
cmd_1519,prd_64,Raisins,178
cmd_834,prd_18,Mélange,57
cmd_1549,prd_4,Guacamole,95
cmd_469,prd_21,Sirops,134
cmd_655,prd_3,Cacahuètes,250
cmd_831,prd_73,Mélange,281
cmd_1667,prd_19,Vinaigre,128
cmd_1937,prd_64,Jus,2
cmd_1974,prd_76,Tartinade,70
cmd_88,prd_7,Crème,6
cmd_978,prd_27,Pain,282
cmd_525,prd_55,Jambon,261
cmd_1494,prd_72,Thé,259
cmd_1546,prd_79,Margarine,44
cmd_218,prd_30,Saucisse,245
cmd_1605,prd_1,Farine,14
cmd_1451,prd_35,Confiture,286
cmd_321,prd_56,Confiture,15
cmd_1516,prd_49,Herbes,8
cmd_1219,prd_43,Salami,75
cmd_257,prd_6,Cornflakes,177
cmd_1346,prd_19,Biscuits,156
cmd_1075,prd_18,Amandes,180
cmd_138,prd_18,Crème,190
cmd_1553,prd_34,Crêpes,112
cmd_1125,prd_55,Hummus,34
cmd_377,prd_26,Bacon,212
cmd_898,prd_75,Purée,244
cmd_1971,prd_16,Moutarde,144
cmd_609,prd_76,Herbes,13
cmd_475,prd_54,Épices,74
cmd_1811,prd_28,Pâtes,15
cmd_412,prd_14,Ketchup,23
cmd_1191,prd_58,Crème,25
cmd_681,prd_52,Purée,281
cmd_1077,prd_71,Huile,5
cmd_1151,prd_20,Café,280
cmd_929,prd_17,Café,164
cmd_534,prd_27,Fromage,91
cmd_409,prd_79,Pop-corn,8
cmd_780,prd_34,Chocolat,65
cmd_591,prd_39,Compote,71
cmd_1307,prd_24,Herbes,111
cmd_1817,prd_3,Salami,47
cmd_625,prd_42,Cacao,241
cmd_1242,prd_42,Biscuits,238
cmd_1673,prd_47,Moutarde,47
cmd_1638,prd_26,Bacon,75
cmd_1183,prd_38,Concentré,210
cmd_1864,prd_8,Pop-corn,69
cmd_615,prd_20,Sauce,203
cmd_97,prd_79,Sirops,134
cmd_1669,prd_14,Purée,166
cmd_1866,prd_44,Olives,122
cmd_629,prd_7,Guacamole,216
cmd_4,prd_76,Olives,258
cmd_133,prd_35,Rillettes,300
cmd_1438,prd_67,Mayonnaise,88
cmd_210,prd_61,Fromage,267
cmd_1020,prd_7,Pâtes,4
cmd_120,prd_72,Flocons,223
cmd_1318,prd_60,Ketchup,221
cmd_1123,prd_60,Tartinade,126
cmd_529,prd_48,Vinaigre,197
cmd_501,prd_15,Cornflakes,253
cmd_1464,prd_31,Purée,55
cmd_1305,prd_41,Bacon,274
cmd_605,prd_10,Yaourt,261
cmd_74,prd_26,Noix,258
cmd_1880,prd_16,Saucisse,21
cmd_679,prd_23,Moutarde,115
cmd_1333,prd_72,Biscuits,194
cmd_1787,prd_48,Flocons,153
cmd_553,prd_27,Cumin,77
cmd_347,prd_5,Sucre,6
cmd_417,prd_22,Sirops,7
cmd_312,prd_15,Guacamole,195
cmd_1381,prd_31,Ketchup,3
cmd_314,prd_60,Poulet,167
cmd_1724,prd_39,Ketchup,105
cmd_91,prd_60,Sirops,176
cmd_1510,prd_31,Bacon,223
cmd_330,prd_6,Mélange,270
cmd_1836,prd_73,Tzatziki,36
cmd_562,prd_37,Moutarde,283
cmd_1392,prd_41,Biscuits,250
cmd_1258,prd_7,Café,26
cmd_477,prd_73,Confiture,65
cmd_1456,prd_32,Cumin,274
cmd_180,prd_0,Sirops,170
cmd_1157,prd_39,Biscuits,18
cmd_636,prd_61,Olives,191
cmd_983,prd_9,Viande,297
cmd_1306,prd_11,Vinaigre,83
cmd_122,prd_71,Miel,90
cmd_1652,prd_11,Chocolat,296
cmd_802,prd_57,Confiture,172
cmd_1662,prd_75,Pâte,37
cmd_1662,prd_63,Saucisse,251
cmd_766,prd_14,Poudre,46
cmd_1991,prd_10,Poisson,282
cmd_188,prd_75,Mayonnaise,93
cmd_1646,prd_6,Huile,265
cmd_1116,prd_20,Farine,119
cmd_1917,prd_78,Pâtes,14
cmd_81,prd_20,Riz,62
cmd_1321,prd_22,Jambon,137
cmd_434,prd_42,Farine,1
cmd_1109,prd_64,Sirops,56
cmd_1731,prd_46,Épices,187
cmd_1299,prd_65,Crêpes,267
cmd_1291,prd_27,Pâte,212
cmd_1859,prd_78,Compote,61
cmd_1685,prd_49,Cumin,42
cmd_841,prd_59,Crackers,140
cmd_612,prd_29,Fromage,63
cmd_1260,prd_38,Saucisse,19
cmd_717,prd_28,Viande,6
cmd_114,prd_29,Guacamole,22
cmd_1055,prd_24,Herbes,164
cmd_1311,prd_31,Farine,137
cmd_299,prd_73,Sirops,190
cmd_860,prd_66,Biscuits,168
cmd_1810,prd_35,Crème,159
cmd_1756,prd_40,Graines,86
cmd_140,prd_71,Compote,257
cmd_1164,prd_42,Compote,76
cmd_290,prd_25,Crêpes,93
cmd_1427,prd_75,Olives,188
cmd_514,prd_19,Moutarde,262
cmd_1152,prd_60,Noix,12
cmd_743,prd_12,Margarine,114
cmd_1554,prd_28,Compote,298
cmd_1625,prd_55,Pâtes,299
cmd_344,prd_75,Épices,284
cmd_1383,prd_42,Sauce,83
cmd_749,prd_15,Sauce,288
cmd_1706,prd_60,Thé,35
cmd_405,prd_48,Tzatziki,44
cmd_1972,prd_52,Pâtes,81
cmd_481,prd_8,Jambon,152
cmd_1876,prd_66,Jambon,159
cmd_774,prd_75,Huile,20
cmd_1578,prd_70,Salsa,299
cmd_1880,prd_30,Mayonnaise,248
cmd_1888,prd_59,Purée,242
cmd_1313,prd_49,Cornflakes,249
cmd_1006,prd_54,Pâtes,246
cmd_1814,prd_16,Purée,81
cmd_932,prd_54,Cacao,111
cmd_511,prd_17,Salami,187
cmd_1616,prd_7,Café,155
cmd_783,prd_33,Mélange,146
cmd_594,prd_62,Poulet,129
cmd_202,prd_52,Gâteaux,242
cmd_1444,prd_68,Chips,215
cmd_1113,prd_69,Crackers,106
cmd_871,prd_53,Cacao,129
cmd_1969,prd_55,Bacon,223
cmd_1499,prd_21,Viande,165
cmd_643,prd_22,Crème,81
cmd_1860,prd_28,Sirops,95
cmd_968,prd_5,Fromage,34
cmd_1897,prd_32,Gâteaux,21
cmd_1434,prd_27,Moutarde,225
cmd_878,prd_36,Mayonnaise,281
cmd_1759,prd_9,Vinaigre,285
cmd_399,prd_33,Cornflakes,1
cmd_1764,prd_68,Tartinade,110
cmd_832,prd_1,Thé,260
cmd_1007,prd_24,Steak,131
cmd_315,prd_60,Biscuits,228
cmd_1183,prd_62,Tartinade,61
cmd_552,prd_0,Steak,33
cmd_380,prd_0,Concentré,156
cmd_1797,prd_76,Cumin,118
cmd_446,prd_37,Guacamole,290
cmd_607,prd_43,Sirops,84
cmd_723,prd_51,Cacahuètes,187
cmd_1706,prd_3,Steak,93
cmd_1921,prd_76,Café,191
cmd_1201,prd_33,Paprika,17
cmd_216,prd_56,Tzatziki,166
cmd_1561,prd_48,Vinaigre,265
cmd_1711,prd_36,Sirops,4
cmd_95,prd_50,Margarine,221
cmd_34,prd_22,Mayonnaise,123
cmd_1018,prd_63,Miel,74
cmd_1906,prd_22,Purée,176
cmd_1031,prd_28,Cornichons,264
cmd_179,prd_0,Pâtes,152
cmd_1496,prd_22,Poivre,17
cmd_12,prd_21,Jambon,288
cmd_1724,prd_10,Raisins,254
cmd_1171,prd_47,Confiture,183
cmd_189,prd_49,Riz,279
cmd_1777,prd_28,Salami,176
cmd_890,prd_56,Vinaigrette,202
cmd_1683,prd_15,Mélange,172
cmd_768,prd_3,Graines,189
cmd_1756,prd_76,Sel,55
cmd_72,prd_43,Chocolat,87
cmd_1452,prd_9,Mayonnaise,277
cmd_302,prd_11,Tzatziki,71
cmd_1751,prd_65,Olives,49
cmd_777,prd_57,Sauce,80
cmd_131,prd_58,Sirops,218
cmd_1453,prd_49,Pâtes,79
cmd_16,prd_50,Sirops,263
cmd_520,prd_50,Jambon,224
cmd_413,prd_65,Cumin,244
cmd_1776,prd_58,Bacon,141
cmd_1913,prd_70,Pâtes,109
cmd_101,prd_72,Concentré,273
cmd_993,prd_22,Cornflakes,267
cmd_304,prd_6,Margarine,69
cmd_754,prd_31,Thé,188
cmd_850,prd_6,Cacao,131
cmd_122,prd_28,Crackers,117
cmd_1919,prd_65,Moutarde,175
cmd_232,prd_2,Margarine,63
cmd_1204,prd_2,Viande,245
cmd_1336,prd_43,Sel,270
cmd_282,prd_7,Raisins,11
cmd_203,prd_67,Céréales,12
cmd_580,prd_36,Mélange,123
cmd_312,prd_17,Cacahuètes,278
cmd_1320,prd_41,Crème,38
cmd_1078,prd_60,Sauce,130
cmd_305,prd_0,Salami,192
cmd_72,prd_50,Salsa,254
cmd_655,prd_20,Saucisse,111
cmd_1156,prd_45,Guacamole,15
cmd_265,prd_46,Mayonnaise,201
cmd_1097,prd_33,Herbes,233
cmd_716,prd_56,Pop-corn,105
cmd_840,prd_79,Beurre,131
cmd_938,prd_10,Fromage,75
cmd_885,prd_63,Mayonnaise,90
cmd_1848,prd_57,Gâteaux,45
cmd_127,prd_21,Poudre,221
cmd_1802,prd_29,Purée,241
cmd_1617,prd_56,Noix,145
cmd_1753,prd_65,Sucre,132
cmd_1684,prd_23,Mélange,147
cmd_556,prd_79,Graines,83
cmd_418,prd_75,Pâtes,116
cmd_685,prd_8,Concentré,92
cmd_1139,prd_20,Compote,90
cmd_669,prd_30,Steak,105
cmd_1822,prd_41,Beurre,119
cmd_158,prd_65,Moutarde,273
cmd_1738,prd_71,Céréales,14
cmd_1185,prd_1,Poivre,220
cmd_227,prd_39,Salsa,211
cmd_564,prd_37,Tartinade,59
cmd_726,prd_37,Miel,68
cmd_325,prd_37,Saucisse,26
cmd_955,prd_36,Margarine,191
cmd_1025,prd_31,Graines,203
cmd_1279,prd_71,Poivre,2
cmd_1573,prd_19,Sel,215
cmd_945,prd_36,Mélange,20
cmd_1936,prd_53,Épices,174
cmd_1281,prd_3,Riz,112
cmd_471,prd_54,Pâtes,14
cmd_1066,prd_51,Sucre,134
cmd_1161,prd_58,Paprika,47
cmd_868,prd_32,Pâtes,55
cmd_1363,prd_5,Chips,132
cmd_145,prd_72,Sirops,39
cmd_1016,prd_14,Sauce,131
cmd_1175,prd_23,Margarine,182
cmd_763,prd_43,Crème,88
cmd_780,prd_17,Chips,215
cmd_904,prd_9,Huile,269
cmd_339,prd_28,Sauce,224
cmd_682,prd_38,Cacahuètes,23
cmd_914,prd_44,Bacon,243
cmd_393,prd_10,Ketchup,27
cmd_1893,prd_64,Sauce,269
cmd_1341,prd_15,Cannelle,86
cmd_965,prd_77,Jambon,82
cmd_1617,prd_8,Herbes,182
cmd_398,prd_61,Bacon,48
cmd_1932,prd_57,Céréales,154
cmd_885,prd_15,Riz,149
cmd_474,prd_26,Pop-corn,153
cmd_344,prd_28,Compote,31
cmd_1202,prd_11,Beurre,257
cmd_1466,prd_70,Cornflakes,171
cmd_534,prd_27,Épices,257
cmd_286,prd_6,Sucre,37
cmd_480,prd_23,Lait,98
cmd_1171,prd_45,Huile,189
cmd_608,prd_52,Confiture,139
cmd_218,prd_53,Miel,175
cmd_907,prd_65,Guacamole,91
cmd_37,prd_29,Sirops,133
cmd_491,prd_55,Sirops,3
cmd_648,prd_17,Café,292
cmd_1931,prd_8,Moutarde,160
cmd_310,prd_39,Noix,94
cmd_1718,prd_12,Sirops,279
cmd_1696,prd_56,Pâtes,119
cmd_1160,prd_1,Farine,252
cmd_1235,prd_45,Jus,267
cmd_1773,prd_27,Cannelle,138
cmd_88,prd_67,Thé,210
cmd_714,prd_30,Pop-corn,101
cmd_122,prd_46,Cornflakes,235
cmd_351,prd_28,Épices,124
cmd_302,prd_78,Poulet,207
cmd_443,prd_14,Moutarde,45
cmd_236,prd_77,Herbes,42
cmd_1495,prd_1,Crêpes,276
cmd_65,prd_54,Raisins,266
cmd_469,prd_39,Riz,101
cmd_1158,prd_59,Pain,152
cmd_585,prd_11,Confiture,299
cmd_462,prd_18,Cacahuètes,61
cmd_1038,prd_34,Riz,127
cmd_1315,prd_9,Crackers,261
cmd_166,prd_2,Concentré,16
cmd_1081,prd_26,Moutarde,296
cmd_328,prd_78,Mayonnaise,158
cmd_1327,prd_30,Pâte,235
cmd_1955,prd_62,Paprika,38
cmd_221,prd_61,Margarine,276
cmd_1753,prd_63,Cacahuètes,190
cmd_884,prd_21,Poudre,85
cmd_711,prd_49,Pop-corn,219
cmd_1531,prd_46,Cumin,105
cmd_1991,prd_25,Vinaigrette,281
cmd_780,prd_49,Bacon,171
cmd_157,prd_3,Concentré,20
cmd_192,prd_62,Graines,204
cmd_1640,prd_22,Crackers,54
cmd_1234,prd_37,Jambon,50
cmd_489,prd_49,Pâte,41
cmd_943,prd_4,Purée,218
cmd_135,prd_39,Jambon,213
cmd_769,prd_34,Gâteaux,200
cmd_731,prd_57,Amandes,293
cmd_1938,prd_17,Cacao,292
cmd_324,prd_65,Huile,211
cmd_1789,prd_16,Poudre,35
cmd_207,prd_52,Gâteaux,153
cmd_1507,prd_55,Cacahuètes,94
cmd_475,prd_66,Sirops,96
cmd_583,prd_26,Ketchup,67
cmd_244,prd_54,Thé,156
cmd_59,prd_77,Viande,254
cmd_1000,prd_31,Chips,49
cmd_506,prd_63,Saucisse,21
cmd_909,prd_51,Compote,250
cmd_462,prd_5,Hummus,58
cmd_230,prd_74,Sel,133
cmd_369,prd_46,Pâtes,289
cmd_1422,prd_71,Concentré,271
cmd_21,prd_3,Pâtes,208
cmd_450,prd_6,Rillettes,149
cmd_1162,prd_47,Graines,218
cmd_1465,prd_23,Crackers,91
cmd_635,prd_13,Salami,42
cmd_1113,prd_41,Cannelle,283
cmd_433,prd_65,Pâtes,189
cmd_844,prd_29,Amandes,33
cmd_289,prd_1,Café,148
cmd_15,prd_65,Cacahuètes,38
cmd_938,prd_44,Pâtes,162
cmd_533,prd_76,Poulet,135
cmd_1266,prd_69,Sirops,300
cmd_255,prd_3,Flocons,240
cmd_1690,prd_10,Jambon,236
cmd_1049,prd_54,Poisson,243
cmd_1881,prd_57,Riz,272
cmd_191,prd_6,Vinaigrette,228
cmd_132,prd_16,Salsa,132
cmd_981,prd_6,Pâte,62
cmd_1414,prd_76,Tartinade,280
cmd_1537,prd_46,Chocolat,88
cmd_1848,prd_56,Salsa,262
cmd_254,prd_35,Biscuits,155
cmd_1898,prd_24,Biscuits,101
cmd_1379,prd_52,Miel,130
cmd_237,prd_16,Amandes,95
cmd_1440,prd_18,Sauce,247
cmd_1772,prd_73,Salami,188
cmd_52,prd_23,Olives,7
cmd_234,prd_77,Cacahuètes,124
cmd_536,prd_5,Sel,261
cmd_1881,prd_29,Épices,53
cmd_1486,prd_72,Flocons,298
cmd_1564,prd_42,Cacao,55
cmd_1918,prd_73,Tzatziki,94
cmd_1001,prd_27,Pain,77
cmd_1791,prd_22,Pâtes,144
cmd_120,prd_4,Chips,178
cmd_954,prd_24,Compote,56
cmd_1489,prd_26,Ketchup,81
cmd_1066,prd_67,Chips,290
cmd_1607,prd_12,Salsa,201
cmd_842,prd_77,Confiture,38
cmd_1224,prd_38,Sirops,43
cmd_1554,prd_19,Noix,81
cmd_887,prd_31,Rillettes,65
cmd_1595,prd_68,Yaourt,38
cmd_1888,prd_39,Pain,25
cmd_368,prd_43,Compote,81
cmd_1744,prd_53,Steak,18
cmd_816,prd_2,Crêpes,211
cmd_421,prd_73,Bacon,284
cmd_1223,prd_58,Rillettes,220
cmd_1845,prd_76,Moutarde,44
cmd_899,prd_67,Purée,279
cmd_790,prd_54,Pâtes,81
cmd_1412,prd_77,Poulet,67
cmd_475,prd_42,Saucisse,139
cmd_882,prd_33,Confiture,36
cmd_1539,prd_30,Hummus,116
cmd_731,prd_36,Crème,174
cmd_420,prd_11,Purée,252
cmd_1548,prd_65,Tzatziki,23
cmd_1580,prd_45,Graines,92
cmd_1941,prd_62,Thé,73
cmd_882,prd_6,Cumin,185
cmd_1659,prd_27,Jambon,126
cmd_427,prd_15,Tzatziki,197
cmd_1543,prd_51,Huile,142
cmd_1510,prd_47,Rillettes,220
cmd_21,prd_8,Jus,217
cmd_1177,prd_78,Purée,72
cmd_12,prd_66,Gâteaux,126
cmd_804,prd_77,Herbes,60
cmd_1175,prd_15,Rillettes,212
cmd_1666,prd_59,Lait,157
cmd_1388,prd_70,Pâté,185
cmd_1685,prd_56,Crème,237
cmd_61,prd_47,Poisson,265
cmd_136,prd_10,Crackers,108
cmd_896,prd_53,Sucre,15
cmd_849,prd_12,Chips,179
cmd_264,prd_1,Crêpes,180
cmd_737,prd_2,Sauce,1
cmd_400,prd_32,Pâte,18
cmd_247,prd_43,Crêpes,28
cmd_700,prd_53,Pâté,122
cmd_266,prd_48,Mélange,296
cmd_182,prd_42,Raisins,108
cmd_1611,prd_25,Lait,74
cmd_1933,prd_6,Cacao,198
cmd_838,prd_30,Amandes,272
cmd_88,prd_14,Cacahuètes,16
cmd_150,prd_61,Salami,268
cmd_1044,prd_13,Margarine,143
cmd_1182,prd_63,Moutarde,171
cmd_944,prd_20,Flocons,269
cmd_1136,prd_56,Compote,16
cmd_909,prd_13,Pâte,2
cmd_860,prd_76,Compote,252
cmd_1800,prd_17,Épices,162
cmd_1276,prd_72,Riz,96
cmd_1766,prd_18,Hummus,221
cmd_289,prd_47,Tzatziki,263
cmd_1114,prd_58,Viande,280
cmd_1042,prd_72,Mayonnaise,167
cmd_1190,prd_58,Pâtes,153
cmd_641,prd_4,Jus,107
cmd_935,prd_14,Bacon,225
cmd_1564,prd_54,Farine,47
cmd_1942,prd_72,Sucre,160
cmd_823,prd_27,Huile,120
cmd_929,prd_47,Mayonnaise,105
cmd_362,prd_3,Chocolat,125
cmd_120,prd_23,Pâtes,159
cmd_1280,prd_79,Rillettes,67
cmd_354,prd_19,Cornichons,286
cmd_1278,prd_12,Compote,58
cmd_642,prd_3,Yaourt,222
cmd_836,prd_23,Confiture,63
cmd_679,prd_57,Bacon,46
cmd_1546,prd_54,Sel,187
cmd_1135,prd_76,Thé,146
cmd_1353,prd_60,Pain,133
cmd_814,prd_6,Chocolat,3
cmd_632,prd_63,Cacahuètes,1
cmd_836,prd_5,Vinaigre,233
cmd_73,prd_18,Moutarde,188
cmd_1183,prd_71,Poisson,42
cmd_1149,prd_54,Crêpes,26
cmd_1849,prd_19,Beurre,289
cmd_89,prd_16,Poulet,138
cmd_1185,prd_52,Raisins,17
cmd_806,prd_63,Crêpes,7
cmd_845,prd_1,Sucre,4
cmd_80,prd_28,Pâtes,107
cmd_614,prd_17,Poulet,296
cmd_95,prd_33,Poulet,168
cmd_1534,prd_77,Biscuits,238
cmd_741,prd_47,Tzatziki,177
cmd_59,prd_34,Pâtes,1
cmd_1986,prd_45,Graines,131
cmd_1486,prd_43,Pâté,211
cmd_159,prd_23,Huile,287
cmd_926,prd_0,Moutarde,257
cmd_1477,prd_59,Cacahuètes,146
cmd_1346,prd_66,Noix,219
cmd_1619,prd_39,Raisins,73
cmd_1666,prd_45,Sirops,169
cmd_1568,prd_72,Pâté,84
cmd_579,prd_47,Pain,226
cmd_1222,prd_36,Pain,99
cmd_1938,prd_11,Jus,31
cmd_532,prd_18,Tzatziki,192
cmd_1672,prd_59,Fromage,165
cmd_304,prd_23,Paprika,7
cmd_583,prd_28,Lait,216
cmd_1569,prd_40,Café,289
cmd_1683,prd_64,Sauce,285
cmd_1689,prd_19,Concentré,149
cmd_96,prd_51,Pâtes,155
cmd_542,prd_27,Jus,298
cmd_1207,prd_73,Poulet,185
cmd_1492,prd_57,Mélange,71
cmd_462,prd_65,Graines,177
cmd_1131,prd_35,Chocolat,67
cmd_1465,prd_70,Crêpes,122
cmd_1836,prd_71,Chocolat,80
cmd_1356,prd_11,Pâté,262
cmd_1653,prd_1,Flocons,87
cmd_1563,prd_22,Miel,187
cmd_1919,prd_60,Pop-corn,115
cmd_877,prd_68,Lait,81
cmd_1867,prd_75,Miel,86
cmd_1242,prd_0,Jambon,58
cmd_1918,prd_72,Sucre,93
cmd_1316,prd_1,Purée,169
cmd_1988,prd_62,Pain,269
cmd_567,prd_45,Yaourt,145
cmd_455,prd_20,Gâteaux,129
cmd_664,prd_22,Huile,294
cmd_717,prd_9,Raisins,22
cmd_763,prd_20,Sauce,107
cmd_1437,prd_20,Pâte,264
cmd_1253,prd_30,Miel,178
cmd_341,prd_18,Cannelle,50
cmd_655,prd_41,Fromage,64
cmd_1551,prd_52,Margarine,234
cmd_1640,prd_8,Mélange,5
cmd_1638,prd_67,Chips,282
cmd_414,prd_30,Sel,298
cmd_3,prd_14,Cornichons,154
cmd_825,prd_14,Sauce,220
cmd_457,prd_40,Confiture,205
cmd_1706,prd_77,Cornflakes,231
cmd_553,prd_11,Cannelle,292
cmd_224,prd_21,Pâté,15
cmd_941,prd_46,Sirops,210
cmd_918,prd_36,Olives,16
cmd_1549,prd_48,Céréales,242
cmd_765,prd_33,Noix,146
cmd_672,prd_0,Thé,36
cmd_576,prd_55,Poisson,104
cmd_370,prd_52,Sel,200
cmd_1124,prd_41,Huile,74
cmd_1015,prd_50,Crackers,145
cmd_1676,prd_78,Beurre,175
cmd_1998,prd_28,Cumin,57
cmd_1463,prd_72,Ketchup,117
cmd_337,prd_74,Amandes,280
cmd_67,prd_47,Vinaigrette,91
cmd_1896,prd_10,Sel,94
cmd_1561,prd_79,Mayonnaise,117
cmd_702,prd_21,Paprika,136
cmd_656,prd_17,Tartinade,152
cmd_1887,prd_16,Vinaigrette,196
cmd_1069,prd_11,Pâte,206
cmd_1246,prd_59,Riz,243
cmd_195,prd_58,Vinaigre,94
cmd_759,prd_40,Jambon,123
cmd_1493,prd_45,Bacon,44
cmd_448,prd_74,Sirops,241
cmd_234,prd_0,Jambon,160
cmd_1395,prd_20,Biscuits,131
cmd_1686,prd_28,Graines,42
cmd_1046,prd_0,Pâtes,194
cmd_1252,prd_10,Épices,265
cmd_67,prd_6,Céréales,3
cmd_1682,prd_20,Hummus,238
cmd_611,prd_69,Moutarde,143
cmd_1600,prd_45,Gâteaux,112
cmd_1298,prd_52,Pâtes,193
cmd_549,prd_16,Crème,38
cmd_37,prd_16,Sucre,94
cmd_627,prd_5,Ketchup,233
cmd_1015,prd_13,Cornflakes,134
cmd_1037,prd_40,Café,277
cmd_362,prd_52,Chips,241
cmd_1732,prd_8,Rillettes,22
cmd_326,prd_40,Cornichons,20
cmd_780,prd_33,Pop-corn,213
cmd_1172,prd_50,Biscuits,169
cmd_1848,prd_12,Biscuits,111
cmd_1316,prd_39,Confiture,155
cmd_1594,prd_39,Confiture,161
cmd_1574,prd_1,Pâtes,66
cmd_1665,prd_67,Pop-corn,143
cmd_59,prd_40,Lait,75
cmd_55,prd_7,Riz,23
cmd_480,prd_36,Paprika,147
cmd_306,prd_39,Sucre,142
cmd_782,prd_50,Miel,89
cmd_851,prd_64,Cumin,125
cmd_1414,prd_20,Gâteaux,270
cmd_1638,prd_71,Salami,256
cmd_1209,prd_34,Moutarde,176
cmd_962,prd_71,Jambon,249
cmd_325,prd_69,Pop-corn,284
cmd_1292,prd_4,Cannelle,202
cmd_22,prd_61,Pop-corn,297
cmd_1173,prd_28,Jambon,234
cmd_780,prd_30,Pain,184
cmd_1272,prd_44,Margarine,75
cmd_523,prd_55,Huile,209
cmd_1725,prd_56,Concentré,236
cmd_1964,prd_4,Sucre,97
cmd_1064,prd_66,Cumin,189
cmd_908,prd_38,Vinaigrette,23
cmd_1876,prd_29,Poudre,205
cmd_1892,prd_26,Compote,244
cmd_719,prd_17,Miel,64
cmd_1807,prd_42,Poivre,44
cmd_1498,prd_2,Crêpes,27
cmd_1881,prd_27,Amandes,126
cmd_460,prd_26,Sirops,161
cmd_1632,prd_17,Pâtes,289
cmd_1203,prd_78,Margarine,259
cmd_1484,prd_4,Mayonnaise,107
cmd_680,prd_77,Riz,117
cmd_1290,prd_16,Poisson,51
cmd_1624,prd_40,Chocolat,51
cmd_1955,prd_4,Farine,143
cmd_426,prd_39,Herbes,103
cmd_244,prd_43,Cacao,213
cmd_218,prd_52,Mayonnaise,233
cmd_1231,prd_10,Saucisse,227
cmd_580,prd_51,Ketchup,79
cmd_693,prd_9,Vinaigre,219
cmd_943,prd_53,Chocolat,95
cmd_837,prd_3,Noix,165
cmd_1586,prd_34,Gâteaux,177
cmd_1957,prd_76,Confiture,225
cmd_508,prd_77,Poulet,45
cmd_1103,prd_74,Compote,285
cmd_1405,prd_7,Steak,151
cmd_1086,prd_74,Salami,225
cmd_1054,prd_78,Amandes,189
cmd_1639,prd_25,Pâtes,281
cmd_1504,prd_48,Salsa,232
cmd_1823,prd_34,Vinaigrette,184
cmd_1212,prd_59,Pâté,19
cmd_462,prd_65,Crêpes,231
cmd_1942,prd_33,Ketchup,171
cmd_922,prd_18,Sel,125
cmd_1795,prd_67,Sel,42
cmd_1027,prd_39,Vinaigrette,72
cmd_1001,prd_79,Amandes,73
cmd_1719,prd_10,Salami,260
cmd_1140,prd_34,Chips,126
cmd_287,prd_67,Yaourt,246
cmd_20,prd_64,Tzatziki,108
cmd_725,prd_56,Crackers,13
cmd_1768,prd_57,Concentré,257
cmd_1306,prd_3,Gâteaux,98
cmd_693,prd_52,Lait,133
cmd_962,prd_5,Jus,76
cmd_486,prd_6,Moutarde,194
cmd_857,prd_48,Sauce,151
cmd_533,prd_23,Ketchup,193
cmd_905,prd_36,Mélange,114
cmd_1102,prd_5,Sauce,65
cmd_507,prd_62,Poivre,14
cmd_246,prd_28,Beurre,128
cmd_1006,prd_30,Pop-corn,110
cmd_251,prd_34,Compote,82
cmd_1575,prd_38,Mélange,295
cmd_114,prd_8,Confiture,172
cmd_670,prd_32,Jus,182
cmd_1247,prd_45,Sirops,238
cmd_2,prd_65,Sel,59
cmd_716,prd_55,Café,44
cmd_11,prd_31,Purée,46
cmd_1989,prd_38,Poivre,150
cmd_834,prd_65,Raisins,143
cmd_1231,prd_32,Moutarde,189
cmd_676,prd_52,Pain,62
cmd_1805,prd_49,Compote,234
cmd_1582,prd_7,Confiture,250
cmd_935,prd_65,Café,143
cmd_1832,prd_52,Céréales,252
cmd_571,prd_34,Guacamole,113
cmd_1967,prd_7,Tartinade,266
cmd_1060,prd_24,Céréales,172
cmd_136,prd_70,Herbes,119
cmd_1159,prd_21,Moutarde,88
cmd_1283,prd_8,Pâté,69
cmd_497,prd_54,Confiture,144
cmd_1900,prd_68,Viande,16
cmd_425,prd_35,Steak,35
cmd_233,prd_30,Confiture,107
cmd_458,prd_45,Pain,196
cmd_758,prd_3,Vinaigre,134
cmd_832,prd_58,Chocolat,255
cmd_91,prd_71,Jambon,121
cmd_1073,prd_32,Noix,38
cmd_219,prd_72,Noix,90
cmd_1262,prd_79,Salsa,186
cmd_1158,prd_55,Saucisse,244
cmd_610,prd_71,Café,154
cmd_573,prd_18,Herbes,79
cmd_1707,prd_78,Biscuits,188
cmd_450,prd_38,Amandes,96
cmd_1894,prd_8,Fromage,173
cmd_1870,prd_34,Moutarde,291
cmd_646,prd_31,Poudre,166
cmd_239,prd_8,Compote,278
cmd_874,prd_41,Café,138
cmd_289,prd_36,Cacahuètes,26
cmd_222,prd_73,Yaourt,113
cmd_632,prd_12,Sel,56
cmd_1295,prd_57,Sauce,167
cmd_753,prd_76,Pain,111
cmd_1584,prd_34,Compote,78
cmd_1453,prd_2,Viande,27
cmd_1277,prd_9,Salami,27
cmd_1390,prd_65,Jus,105
cmd_1453,prd_70,Poivre,91
cmd_1462,prd_39,Margarine,216
cmd_324,prd_23,Chips,279
cmd_1645,prd_19,Lait,204
cmd_233,prd_28,Crackers,91
cmd_595,prd_75,Cornichons,37
cmd_1295,prd_67,Café,180
cmd_1509,prd_60,Viande,8
cmd_161,prd_44,Noix,2
cmd_1172,prd_74,Steak,122
cmd_1167,prd_29,Mélange,299
cmd_1840,prd_19,Salsa,215
cmd_163,prd_66,Café,188
cmd_1189,prd_36,Amandes,157
cmd_1653,prd_4,Miel,228
cmd_862,prd_76,Pâtes,236
cmd_634,prd_79,Concentré,112
cmd_1599,prd_39,Tzatziki,56
cmd_430,prd_21,Pâtes,21
cmd_1762,prd_44,Raisins,39
cmd_1428,prd_46,Margarine,62
cmd_1258,prd_68,Noix,238
cmd_459,prd_44,Olives,297
cmd_1984,prd_2,Épices,200
cmd_1787,prd_40,Guacamole,137
cmd_90,prd_34,Noix,78
cmd_1355,prd_63,Jus,229
cmd_476,prd_26,Café,279
cmd_1207,prd_79,Poudre,242
cmd_1046,prd_67,Épices,260
cmd_1829,prd_6,Thé,168
cmd_1598,prd_42,Riz,282
cmd_1254,prd_27,Steak,244
cmd_167,prd_74,Poudre,67
cmd_1604,prd_36,Herbes,78
cmd_373,prd_46,Jambon,264
cmd_355,prd_32,Poivre,216
cmd_936,prd_35,Tzatziki,48
cmd_1921,prd_45,Huile,145
cmd_1005,prd_54,Crème,53
cmd_1315,prd_35,Huile,161
cmd_1047,prd_34,Moutarde,101
cmd_1384,prd_37,Chips,41
cmd_1355,prd_48,Lait,147
cmd_1758,prd_54,Viande,28
cmd_1925,prd_22,Noix,119
cmd_1309,prd_33,Crêpes,44
cmd_235,prd_72,Poudre,124
cmd_493,prd_49,Guacamole,26
cmd_498,prd_67,Farine,145
cmd_895,prd_71,Pâte,35
cmd_844,prd_79,Pop-corn,202
cmd_193,prd_4,Lait,124
cmd_412,prd_69,Tzatziki,81
cmd_1300,prd_24,Olives,130
